1,Thu,September 4,Seattle Seahawks,,Green Bay Packers
1,Sun,September 7,Denver Broncos,,Indianapolis Colts
1,Sun,September 7,Carolina Panthers,,Tampa Bay Buccaneers
1,Sun,September 7,Pittsburgh Steelers,,Cleveland Browns
1,Sun,September 7,New York Jets,,Oakland Raiders
1,Sun,September 7,Cincinnati Bengals,,Baltimore Ravens
1,Sun,September 7,Miami Dolphins,,New England Patriots
1,Sun,September 7,Houston Texans,,Washington Redskins
1,Sun,September 7,Atlanta Falcons,,New Orleans Saints
1,Sun,September 7,San Francisco 49ers,,Dallas Cowboys
1,Sun,September 7,Philadelphia Eagles,,Jacksonville Jaguars
1,Sun,September 7,Tennessee Titans,,Kansas City Chiefs
1,Sun,September 7,Minnesota Vikings,,St. Louis Rams
1,Sun,September 7,Buffalo Bills,,Chicago Bears
1,Mon,September 8,Arizona Cardinals,,San Diego Chargers
1,Mon,September 8,Detroit Lions,,New York Giants
2,Thu,September 11,Baltimore Ravens,,Pittsburgh Steelers
2,Sun,September 14,Chicago Bears,,San Francisco 49ers
2,Sun,September 14,Denver Broncos,,Kansas City Chiefs
2,Sun,September 14,Washington Redskins,,Jacksonville Jaguars
2,Sun,September 14,New England Patriots,,Minnesota Vikings
2,Sun,September 14,Cleveland Browns,,New Orleans Saints
2,Sun,September 14,Houston Texans,,Oakland Raiders
2,Sun,September 14,Arizona Cardinals,,New York Giants
2,Sun,September 14,Dallas Cowboys,,Tennessee Titans
2,Sun,September 14,Buffalo Bills,,Miami Dolphins
2,Sun,September 14,Cincinnati Bengals,,Atlanta Falcons
2,Sun,September 14,San Diego Chargers,,Seattle Seahawks
2,Sun,September 14,St. Louis Rams,,Tampa Bay Buccaneers
2,Sun,September 14,Green Bay Packers,,New York Jets
2,Sun,September 14,Carolina Panthers,,Detroit Lions
2,Mon,September 15,Philadelphia Eagles,,Indianapolis Colts
3,Thu,September 18,Atlanta Falcons,,Tampa Bay Buccaneers
3,Sun,September 21,Arizona Cardinals,,San Francisco 49ers
3,Sun,September 21,New York Giants,,Houston Texans
3,Sun,September 21,Dallas Cowboys,,St. Louis Rams
3,Sun,September 21,San Diego Chargers,,Buffalo Bills
3,Sun,September 21,Kansas City Chiefs,,Miami Dolphins
3,Sun,September 21,Baltimore Ravens,,Cleveland Browns
3,Sun,September 21,New England Patriots,,Oakland Raiders
3,Sun,September 21,Detroit Lions,,Green Bay Packers
3,Sun,September 21,Cincinnati Bengals,,Tennessee Titans
3,Sun,September 21,Indianapolis Colts,,Jacksonville Jaguars
3,Sun,September 21,Pittsburgh Steelers,,Carolina Panthers
3,Sun,September 21,New Orleans Saints,,Minnesota Vikings
3,Sun,September 21,Philadelphia Eagles,,Washington Redskins
3,Sun,September 21,Seattle Seahawks,,Denver Broncos
3,Mon,September 22,Chicago Bears,,New York Jets
4,Thu,September 25,New York Giants,,Washington Redskins
4,Sun,September 28,Dallas Cowboys,,New Orleans Saints
4,Sun,September 28,Tampa Bay Buccaneers,,Pittsburgh Steelers
4,Sun,September 28,San Diego Chargers,,Jacksonville Jaguars
4,Sun,September 28,San Francisco 49ers,,Philadelphia Eagles
4,Sun,September 28,Green Bay Packers,,Chicago Bears
4,Sun,September 28,Detroit Lions,,New York Jets
4,Sun,September 28,Indianapolis Colts,,Tennessee Titans
4,Sun,September 28,Houston Texans,,Buffalo Bills
4,Sun,September 28,Baltimore Ravens,,Carolina Panthers
4,Sun,September 28,Minnesota Vikings,,Atlanta Falcons
4,Sun,September 28,Miami Dolphins,,Oakland Raiders
4,Mon,September 29,Kansas City Chiefs,,New England Patriots
5,Thu,October 2,Green Bay Packers,,Minnesota Vikings
5,Sun,October 5,Cleveland Browns,,Tennessee Titans
5,Sun,October 5,Denver Broncos,,Arizona Cardinals
5,Sun,October 5,New England Patriots,,Cincinnati Bengals
5,Sun,October 5,San Diego Chargers,,New York Jets
5,Sun,October 5,Buffalo Bills,,Detroit Lions
5,Sun,October 5,Indianapolis Colts,,Baltimore Ravens
5,Sun,October 5,Philadelphia Eagles,,St. Louis Rams
5,Sun,October 5,Dallas Cowboys,,Houston Texans
5,Sun,October 5,Carolina Panthers,,Chicago Bears
5,Sun,October 5,New York Giants,,Atlanta Falcons
5,Sun,October 5,New Orleans Saints,,Tampa Bay Buccaneers
5,Sun,October 5,Pittsburgh Steelers,,Jacksonville Jaguars
5,Sun,October 5,San Francisco 49ers,,Kansas City Chiefs
5,Mon,October 6,Seattle Seahawks,,Washington Redskins
6,Thu,October 9,Indianapolis Colts,,Houston Texans
6,Sun,October 12,Denver Broncos,,New York Jets
6,Sun,October 12,Cleveland Browns,,Pittsburgh Steelers
6,Sun,October 12,Arizona Cardinals,,Washington Redskins
6,Sun,October 12,San Diego Chargers,,Oakland Raiders
6,Sun,October 12,Detroit Lions,,Minnesota Vikings
6,Sun,October 12,Baltimore Ravens,,Tampa Bay Buccaneers
6,Sun,October 12,Dallas Cowboys,,Seattle Seahawks
6,Sun,October 12,Philadelphia Eagles,,New York Giants
6,Sun,October 12,Tennessee Titans,,Jacksonville Jaguars
6,Sun,October 12,Green Bay Packers,,Miami Dolphins
6,Sun,October 12,Cincinnati Bengals,,Carolina Panthers
6,Sun,October 12,New England Patriots,,Buffalo Bills
6,Sun,October 12,Chicago Bears,,Atlanta Falcons
6,Mon,October 13,San Francisco 49ers,,St. Louis Rams
7,Thu,October 16,New England Patriots,,New York Jets
7,Sun,October 19,Jacksonville Jaguars,,Cleveland Browns
7,Sun,October 19,Arizona Cardinals,,Oakland Raiders
7,Sun,October 19,Indianapolis Colts,,Cincinnati Bengals
7,Sun,October 19,Kansas City Chiefs,,San Diego Chargers
7,Sun,October 19,Denver Broncos,,San Francisco 49ers
7,Sun,October 19,St. Louis Rams,,Seattle Seahawks
7,Sun,October 19,Detroit Lions,,New Orleans Saints
7,Sun,October 19,Baltimore Ravens,,Atlanta Falcons
7,Sun,October 19,Miami Dolphins,,Chicago Bears
7,Sun,October 19,Dallas Cowboys,,New York Giants
7,Sun,October 19,Washington Redskins,,Tennessee Titans
7,Sun,October 19,Buffalo Bills,,Minnesota Vikings
7,Sun,October 19,Green Bay Packers,,Carolina Panthers
7,Mon,October 20,Pittsburgh Steelers,,Houston Texans
8,Thu,October 23,Denver Broncos,,San Diego Chargers
8,Sun,October 26,Arizona Cardinals,,Philadelphia Eagles
8,Sun,October 26,Cincinnati Bengals,,Baltimore Ravens
8,Sun,October 26,Kansas City Chiefs,,St. Louis Rams
8,Sun,October 26,Cleveland Browns,,Oakland Raiders
8,Sun,October 26,Pittsburgh Steelers,,Indianapolis Colts
8,Sun,October 26,New England Patriots,,Chicago Bears
8,Sun,October 26,Detroit Lions,,Atlanta Falcons
8,Sun,October 26,New Orleans Saints,,Green Bay Packers
8,Sun,October 26,Buffalo Bills,,New York Jets
8,Sun,October 26,Seattle Seahawks,,Carolina Panthers
8,Sun,October 26,Miami Dolphins,,Jacksonville Jaguars
8,Sun,October 26,Minnesota Vikings,,Tampa Bay Buccaneers
8,Sun,October 26,Houston Texans,,Tennessee Titans
8,Mon,October 27,Washington Redskins,,Dallas Cowboys
9,Thu,October 30,New Orleans Saints,,Carolina Panthers
9,Sun,November 2,New England Patriots,,Denver Broncos
9,Sun,November 2,Arizona Cardinals,,Dallas Cowboys
9,Sun,November 2,Cincinnati Bengals,,Jacksonville Jaguars
9,Sun,November 2,Cleveland Browns,,Tampa Bay Buccaneers
9,Sun,November 2,Kansas City Chiefs,,New York Jets
9,Sun,November 2,Miami Dolphins,,San Diego Chargers
9,Sun,November 2,St. Louis Rams,,San Francisco 49ers
9,Sun,November 2,Seattle Seahawks,,Oakland Raiders
9,Sun,November 2,Pittsburgh Steelers,,Baltimore Ravens
9,Sun,November 2,Minnesota Vikings,,Washington Redskins
9,Sun,November 2,Philadelphia Eagles,,Houston Texans
9,Mon,November 3,Indianapolis Colts,,New York Giants
10,Thu,November 6,Cleveland Browns,,Cincinnati Bengals
10,Sun,November 9,Arizona Cardinals,,St. Louis Rams
10,Sun,November 9,Denver Broncos,,Oakland Raiders
10,Sun,November 9,Baltimore Ravens,,Tennessee Titans
10,Sun,November 9,Green Bay Packers,,Chicago Bears
10,Sun,November 9,Seattle Seahawks,,New York Giants
10,Sun,November 9,Kansas City Chiefs,,Buffalo Bills
10,Sun,November 9,San Francisco 49ers,,New Orleans Saints
10,Sun,November 9,Detroit Lions,,Miami Dolphins
10,Sun,November 9,Atlanta Falcons,,Tampa Bay Buccaneers
10,Sun,November 9,Dallas Cowboys,,Jacksonville Jaguars
10,Sun,November 9,New York Jets,,Pittsburgh Steelers
10,Mon,November 10,Philadelphia Eagles,,Carolina Panthers
11,Thu,November 13,Miami Dolphins,,Buffalo Bills
11,Sun,November 16,Cincinnati Bengals,,New Orleans Saints
11,Sun,November 16,Atlanta Falcons,,Carolina Panthers
11,Sun,November 16,St. Louis Rams,,Denver Broncos
11,Sun,November 16,San Diego Chargers,,Oakland Raiders
11,Sun,November 16,Green Bay Packers,,Philadelphia Eagles
11,Sun,November 16,Houston Texans,,Cleveland Browns
11,Sun,November 16,Kansas City Chiefs,,Seattle Seahawks
11,Sun,November 16,San Francisco 49ers,,New York Giants
11,Sun,November 16,New England Patriots,,Indianapolis Colts
11,Sun,November 16,Chicago Bears,,Minnesota Vikings
11,Sun,November 16,Tampa Bay Buccaneers,,Washington Redskins
11,Sun,November 16,Arizona Cardinals,,Detroit Lions
11,Mon,November 17,Pittsburgh Steelers,,Tennessee Titans
12,Thu,November 20,Oakland Raiders,,Kansas City Chiefs
12,Sun,November 23,San Francisco 49ers,,Washington Redskins
12,Sun,November 23,Seattle Seahawks,,Arizona Cardinals
12,Sun,November 23,San Diego Chargers,,St. Louis Rams
12,Sun,November 23,Denver Broncos,,Miami Dolphins
12,Sun,November 23,Philadelphia Eagles,,Tennessee Titans
12,Sun,November 23,Cincinnati Bengals,,Houston Texans
12,Sun,November 23,Dallas Cowboys,,New York Giants
12,Sun,November 23,Indianapolis Colts,,Jacksonville Jaguars
12,Sun,November 23,Chicago Bears,,Tampa Bay Buccaneers
12,Sun,November 23,Cleveland Browns,,Atlanta Falcons
12,Sun,November 23,Green Bay Packers,,Minnesota Vikings
12,Sun,November 23,New England Patriots,,Detroit Lions
12,Mon,November 24,Baltimore Ravens,,New Orleans Saints
12,Mon,November 24,Buffalo Bills,,New York Jets
13,Thu,November 27,Seattle Seahawks,,San Francisco 49ers
13,Thu,November 27,Detroit Lions,,Chicago Bears
13,Thu,November 27,Philadelphia Eagles,,Dallas Cowboys
13,Sun,November 30,Denver Broncos,,Kansas City Chiefs
13,Sun,November 30,Cincinnati Bengals,,Tampa Bay Buccaneers
13,Sun,November 30,Indianapolis Colts,,Washington Redskins
13,Sun,November 30,San Diego Chargers,,Baltimore Ravens
13,Sun,November 30,Houston Texans,,Tennessee Titans
13,Sun,November 30,Jacksonville Jaguars,,New York Giants
13,Sun,November 30,St. Louis Rams,,Oakland Raiders
13,Sun,November 30,Atlanta Falcons,,Arizona Cardinals
13,Sun,November 30,Green Bay Packers,,New England Patriots
13,Sun,November 30,New Orleans Saints,,Pittsburgh Steelers
13,Sun,November 30,Minnesota Vikings,,Carolina Panthers
13,Sun,November 30,Buffalo Bills,,Cleveland Browns
13,Mon,December 1,Miami Dolphins,,New York Jets
14,Thu,December 4,Dallas Cowboys,,Chicago Bears
14,Sun,December 7,Oakland Raiders,,San Francisco 49ers
14,Sun,December 7,Carolina Panthers,,New Orleans Saints
14,Sun,December 7,Indianapolis Colts,,Cleveland Browns
14,Sun,December 7,Denver Broncos,,Buffalo Bills
14,Sun,December 7,New England Patriots,,San Diego Chargers
14,Sun,December 7,St. Louis Rams,,Washington Redskins
14,Sun,December 7,Minnesota Vikings,,New York Jets
14,Sun,December 7,Houston Texans,,Jacksonville Jaguars
14,Sun,December 7,Baltimore Ravens,,Miami Dolphins
14,Sun,December 7,Detroit Lions,,Tampa Bay Buccaneers
14,Sun,December 7,Pittsburgh Steelers,,Cincinnati Bengals
14,Sun,December 7,New York Giants,,Tennessee Titans
14,Sun,December 7,Seattle Seahawks,,Philadelphia Eagles
14,Sun,December 7,Arizona Cardinals,,Kansas City Chiefs
14,Mon,December 8,Green Bay Packers,,Atlanta Falcons
15,Thu,December 11,Arizona Cardinals,,St. Louis Rams
15,Sun,December 14,Cincinnati Bengals,,Cleveland Browns
15,Sun,December 14,Pittsburgh Steelers,,Atlanta Falcons
15,Sun,December 14,New York Giants,,Washington Redskins
15,Sun,December 14,New York Jets,,Tennessee Titans
15,Sun,December 14,Kansas City Chiefs,,Oakland Raiders
15,Sun,December 14,New England Patriots,,Miami Dolphins
15,Sun,December 14,Denver Broncos,,San Diego Chargers
15,Sun,December 14,Dallas Cowboys,,Philadelphia Eagles
15,Sun,December 14,Baltimore Ravens,,Jacksonville Jaguars
15,Sun,December 14,Seattle Seahawks,,San Francisco 49ers
15,Sun,December 14,Buffalo Bills,,Green Bay Packers
15,Sun,December 14,Indianapolis Colts,,Houston Texans
15,Sun,December 14,Detroit Lions,,Minnesota Vikings
15,Sun,December 14,Carolina Panthers,,Tampa Bay Buccaneers
15,Mon,December 15,New Orleans Saints,,Chicago Bears
16,Thu,December 18,Jacksonville Jaguars,,Tennessee Titans
16,Sat,December 20,Washington Redskins,,Philadelphia Eagles
16,Sat,December 20,San Diego Chargers,,San Francisco 49ers
16,Sun,December 21,Dallas Cowboys,,Indianapolis Colts
16,Sun,December 21,Seattle Seahawks,,Arizona Cardinals
16,Sun,December 21,New England Patriots,,New York Jets
16,Sun,December 21,Carolina Panthers,,Cleveland Browns
16,Sun,December 21,Houston Texans,,Baltimore Ravens
16,Sun,December 21,New York Giants,,St. Louis Rams
16,Sun,December 21,Oakland Raiders,,Buffalo Bills
16,Sun,December 21,Pittsburgh Steelers,,Kansas City Chiefs
16,Sun,December 21,Detroit Lions,,Chicago Bears
16,Sun,December 21,Green Bay Packers,,Tampa Bay Buccaneers
16,Sun,December 21,Miami Dolphins,,Minnesota Vikings
16,Sun,December 21,Atlanta Falcons,,New Orleans Saints
16,Mon,December 22,Cincinnati Bengals,,Denver Broncos
17,Sun,December 28,San Francisco 49ers,,Arizona Cardinals
17,Sun,December 28,Dallas Cowboys,,Washington Redskins
17,Sun,December 28,New Orleans Saints,,Tampa Bay Buccaneers
17,Sun,December 28,Carolina Panthers,,Atlanta Falcons
17,Sun,December 28,Pittsburgh Steelers,,Cincinnati Bengals
17,Sun,December 28,Philadelphia Eagles,,New York Giants
17,Sun,December 28,Green Bay Packers,,Detroit Lions
17,Sun,December 28,Houston Texans,,Jacksonville Jaguars
17,Sun,December 28,Baltimore Ravens,,Cleveland Browns
17,Sun,December 28,Seattle Seahawks,,St. Louis Rams
17,Sun,December 28,New York Jets,,Miami Dolphins
17,Sun,December 28,Minnesota Vikings,,Chicago Bears
17,Sun,December 28,Kansas City Chiefs,,San Diego Chargers
17,Sun,December 28,Denver Broncos,,Oakland Raiders
17,Sun,December 28,Indianapolis Colts,,Tennessee Titans
17,Sun,December 28,Buffalo Bills,,New England Patriots
