Date,Pos,Player,Injury,NFL Status,Fantasy News
01/03/15,DE,Calais Campbell,HIP,PROBABLE,
01/03/15,G,Jonathan Cooper,"WRIST, KNEE",QUESTIONABLE,
01/03/15,LB,Larry Foote,KNEE,PROBABLE,
01/03/15,S,Tyrann Mathieu,"THUMB, HIP",PROBABLE,
01/03/15,DT,Frostee Rucker,ANKLE,PROBABLE,
01/03/15,C,Lyle Sendlein,BACK,PROBABLE,
01/03/15,QB,Drew Stanton,KNEE,OUT,Missed Wild Card game at Carolina
01/03/15,NT,Dan Williams,FOOT,QUESTIONABLE,
12/28/14,LB,Lorenzo Alexander,KNEE,PROBABLE,
12/28/14,WR,Jaron Brown,FOOT,PROBABLE,
12/28/14,S,Deone Bucannon,KNEE,QUESTIONABLE,
12/28/14,TE,John Carlson,CALF,QUESTIONABLE,
12/28/14,WR,Larry Fitzgerald,KNEE,PROBABLE,
12/28/14,S,Rashad Johnson,ANKLE,PROBABLE,
12/28/14,C,Ted Larsen,SHOULDER,PROBABLE,
12/28/14,LB,Matt Shaughnessy,SHOULDER,PROBABLE,
12/21/14,S,Chris Clemons,KNEE,PROBABLE,
12/21/14,G,Paul Fanaika,ANKLE,PROBABLE,
12/21/14,T,Jared Veldheer,ANKLE,PROBABLE,
12/21/14,RB,Kerwynn Williams,KNEE,PROBABLE,
12/11/14,CB,Antonio Cromartie,ANKLE,QUESTIONABLE,
12/07/14,LB,Kenny Demens,HAMSTRING,PROBABLE,
11/30/14,LB,Marcus Benard,SHOULDER,PROBABLE,
11/30/14,WR,John Brown,TEETH,PROBABLE,
11/23/14,LB,Sam Acho,NECK,PROBABLE,
11/23/14,RB,Robert Hughes,HAMSTRING,PROBABLE,
11/16/14,LB,Desmond Bishop,HAMSTRING,QUESTIONABLE,
11/16/14,RB,Stepfan Taylor,CALF,PROBABLE,
11/09/14,T,Bobby Massie,"ANKLE, KNEE",PROBABLE,
11/02/14,WR,Michael Floyd,KNEE,PROBABLE,
11/02/14,S,Tony Jefferson,CONCUSSION,QUESTIONABLE,
11/02/14,CB,Patrick Peterson,CONCUSSION,PROBABLE,
10/19/14,LB,Glenn Carson,ANKLE,QUESTIONABLE,
10/19/14,LB,Alex Okafor,QUADRICEPS,PROBABLE,
10/19/14,DT,Alameda Ta'amu,ILLNESS,QUESTIONABLE,
10/12/14,CB,Justin Bethel,SHOULDER,PROBABLE,
10/07/14,P,Dave Zastudil,LEFT GROIN,&nbsp;,
10/05/14,TE,Rob Housler,HIP,PROBABLE,
09/21/14,LB,Kevin Minter,QUADRICEPS,PROBABLE,
09/18/14,RB,Jonathan Dwyer,&nbsp;,NFI,NFI. Out indefinitely
05/30/14,LB,Daryl Washington,Suspension,SUSPEND,Eligible for reinstatement before 2015 season
Date,Pos,Player,Injury,NFL Status,Fantasy News
12/28/14,G,Jon Asamoah,BACK,QUESTIONABLE,
12/28/14,RB,Steven Jackson,QUADRICEPS,QUESTIONABLE,Missed Week 17 vs. Carolina
12/28/14,WR,Julio Jones,HIP,QUESTIONABLE,
12/28/14,DB,Dwight Lowery,Knee,LEFT,Left Week 17 vs. Carolina
12/28/14,CB,Robert McClain,ILLNESS,QUESTIONABLE,
12/28/14,CB,Josh Wilson,HAMSTRING,QUESTIONABLE,
12/21/14,WR,Harry Douglas,FOOT,PROBABLE,
12/21/14,WR,Roddy White,KNEE,PROBABLE,
12/14/14,G,Justin Blalock,BACK,PROBABLE,
12/14/14,RB,Patrick DiMarco,ILLNESS,QUESTIONABLE,
12/14/14,DE,Stansly Maponga,"ELBOW, NOT INJURY RELATED",PROBABLE,
12/14/14,DT,Paul Soliai,SHOULDER,PROBABLE,
11/30/14,T,Jonathan Scott,HAMSTRING,PROBABLE,
11/23/14,DT,Jonathan Babineaux,KNEE,PROBABLE,
11/23/14,WR,Drew Davis,FOOT,PROBABLE,
11/23/14,WR,Devin Hester,WRIST,PROBABLE,
11/16/14,DE,Jonathan Massaquoi,FOOT,PROBABLE,
10/26/14,LB,Prince Shembo,KNEE,PROBABLE,
10/19/14,LB,Nate Stupar,KNEE,PROBABLE,
10/12/14,S,Kemal Ishmael,ANKLE,PROBABLE,Left Week 17 vs. Carolina
10/12/14,T,Jake Matthews,ANKLE,PROBABLE,
09/07/14,DT,Corey Peters,ACHILLES,PROBABLE,
09/07/14,S,Dezmen Southward,CONCUSSION,PROBABLE,
Date,Pos,Player,Injury,NFL Status,Fantasy News
01/10/15,TE,Owen Daniels,NOT INJURY RELATED,PROBABLE,
01/10/15,DT,Timmy Jernigan,"FOOT, ANKLE",PROBABLE,
01/10/15,T,Eugene Monroe,ANKLE,QUESTIONABLE,
01/10/15,LB,Daryl Smith,NOT INJURY RELATED,PROBABLE,
01/10/15,LB,Terrell Suggs,NOT INJURY RELATED,PROBABLE,
01/03/15,DE,Chris Canty,"THIGH, ANKLE",PROBABLE,
12/28/14,RB,Fitzgerald Toussaint,RIBS,QUESTIONABLE,
12/21/14,S,Will Hill,NOT INJURY RELATED,PROBABLE,
12/21/14,WR,Jacoby Jones,ILLNESS,PROBABLE,
12/21/14,S,Anthony Levine,ANKLE,PROBABLE,
12/21/14,G,Kelechi Osemele,NOT INJURY RELATED,PROBABLE,
12/21/14,RB,Bernard Pierce,BACK,PROBABLE,
12/14/14,TE,Crockett Gillmore,BACK,QUESTIONABLE,
12/14/14,WR,Torrey Smith,KNEE,PROBABLE,
12/14/14,WR,Steve Smith Sr.,ILLNESS,PROBABLE,
12/13/14,G,Jah Reid,HAND,&nbsp;,
12/07/14,WR,Marlon Brown,CONCUSSION,PROBABLE,
12/07/14,WR,Michael Campanaro,THIGH,QUESTIONABLE,
12/07/14,RB,Justin Forsett,KNEE,QUESTIONABLE,
12/07/14,LB,Albert McClellan,THIGH,QUESTIONABLE,
12/07/14,LB,C.J. Mosley,WRIST,PROBABLE,
12/07/14,DE,DeAngelo Tyson,NOT INJURY RELATED,PROBABLE,
12/07/14,LB,Courtney Upshaw,HAND,PROBABLE,
12/07/14,G,Jeremy Zuttah,ANKLE,PROBABLE,
11/30/14,LB,Pernell McPhee,SHOULDER,PROBABLE,
11/24/14,RB,Kyle Juszczyk,FOOT,PROBABLE,
11/24/14,DT,Haloti Ngata,NOT INJURY RELATED,PROBABLE,
11/24/14,G,Marshal Yanda,KNEE,PROBABLE,
11/02/14,CB,Lardarius Webb,NOT INJURY RELATED,PROBABLE,
10/19/14,WR,Kamar Aiken,CONCUSSION,PROBABLE,
10/12/14,S,Matt Elam,SHOULDER,PROBABLE,
10/05/14,CB,Chykie Brown,NECK,PROBABLE,
10/05/14,TE,Phillip Supernaw,THIGH,QUESTIONABLE,
09/21/14,QB,Joe Flacco,ILLNESS,PROBABLE,
Date,Pos,Player,Injury,NFL Status,Fantasy News
12/28/14,K,Dan Carpenter,RIGHT GROIN,PROBABLE,
12/28/14,DT,Marcell Dareus,KNEE,OUT,Missed Week 17 at New England
12/28/14,CB,Stephon Gilmore,CONCUSSION,OUT,Missed Week 17 at New England
12/28/14,S,Aaron Williams,HIP,PROBABLE,
12/21/14,RB,Boobie Dixon,CHEST,PROBABLE,
12/21/14,TE,Chris Gragg,KNEE,PROBABLE,
12/21/14,S,Da'Norris Searcy,HAMSTRING,PROBABLE,
12/21/14,RB,C.J. Spiller,SHOULDER,PROBABLE,
12/21/14,WR,Marcus Thigpen,FOOT,PROBABLE,
12/21/14,S,Duke Williams,CONCUSSION,PROBABLE,
12/21/14,DE,Jarius Wynn,KNEE,PROBABLE,
12/14/14,DT,Stefan Charles,QUADRICEPS,PROBABLE,
12/09/14,WR,Mike Williams,CALF,&nbsp;,
12/07/14,WR,Chris Hogan,HAMSTRING,PROBABLE,
12/07/14,S,Bacarri Rambo,HAMSTRING,PROBABLE,
12/07/14,WR,Sammy Watkins,HIP,PROBABLE,
12/07/14,WR,Robert Woods,ANKLE,PROBABLE,
11/24/14,CB,Ron Brooks,GROIN,QUESTIONABLE,
11/24/14,WR,Marquise Goodwin,ANKLE,PROBABLE,
11/24/14,RB,Fred Jackson,GROIN,QUESTIONABLE,
11/24/14,DE,Manny Lawson,ANKLE,PROBABLE,
11/24/14,QB,Kyle Orton,TOE,PROBABLE,
11/24/14,RB,Frank Summers,NECK,PROBABLE,
11/24/14,G,Kraig Urbik,SHOULDER,PROBABLE,
11/13/14,WR,Marcus Easley,KNEE,QUESTIONABLE,
11/09/14,LB,Ty Powell,ANKLE,PROBABLE,
11/09/14,G,Cyril Richardson,NOT INJURY RELATED,PROBABLE,
10/26/14,LB,Brandon Spikes,RIBS,PROBABLE,
10/26/14,DE,Mario Williams,THUMB,PROBABLE,
10/19/14,LB,Garrison Sanborn,KNEE,PROBABLE,
10/19/14,DT,Kyle Williams,KNEE,PROBABLE,
10/12/14,LB,Nigel Bradham,KNEE,QUESTIONABLE,
10/05/14,LB,Randell Johnson,KNEE,PROBABLE,
09/28/14,QB,EJ Manuel,ABDOMEN,PROBABLE,
09/28/14,LB,Keith Rivers,GROIN,DOUBTFUL,
09/21/14,TE,Lee Smith,TOE,PROBABLE,
07/17/14,LB,Kiko Alonso,Knee,NFI,NFI. Out for season
Date,Pos,Player,Injury,NFL Status,Fantasy News
01/10/15,WR,Philly Brown,SHOULDER,QUESTIONABLE,
01/10/15,S,Thomas DeCoud,HAMSTRING,QUESTIONABLE,
01/10/15,LB,A.J. Klein,ANKLE,QUESTIONABLE,Missed Divisional Playoff game at Seattle
01/10/15,DT,Star Lotulelei,FOOT,OUT,Missed Divisional Playoff game at Seattle
01/10/15,CB,Melvin White,ANKLE,QUESTIONABLE,
01/03/15,QB,Derek Anderson,ILLNESS,PROBABLE,
01/03/15,DE,Charles Johnson,NOT INJURY RELATED,PROBABLE,
01/03/15,G,Fernando Velasco,NOT INJURY RELATED,PROBABLE,
01/03/15,RB,DeAngelo Williams,HAND,PROBABLE,
12/21/14,CB,Carrington Byndom,HAMSTRING,QUESTIONABLE,
12/21/14,LB,Thomas Davis,KNEE,PROBABLE,
12/21/14,S,Roman Harper,THIGH,PROBABLE,
12/21/14,QB,Cam Newton,BACK,PROBABLE,
12/21/14,G,Amini Silatolu,KNEE,QUESTIONABLE,
12/14/14,C,Ryan Kalil,NOT INJURY RELATED,PROBABLE,
12/14/14,TE,Greg Olsen,KNEE,PROBABLE,
12/14/14,G,Chris Scott,FOOT,PROBABLE,
12/14/14,RB,Jonathan Stewart,HIP,PROBABLE,
12/07/14,DE,Mario Addison,FOOT,PROBABLE,
12/07/14,DE,Kony Ealy,ILLNESS,PROBABLE,
11/30/14,CB,Bene Benwikere,ANKLE,PROBABLE,
11/30/14,RB,Mike Tolbert,KNEE,PROBABLE,
11/18/14,T,Nate Chandler,TORN RIGHT MENISCUS,&nbsp;,
11/16/14,WR,Jerricho Cotchery,HAMSTRING,PROBABLE,
11/16/14,DT,Kawann Short,ANKLE,PROBABLE,
11/16/14,G,Trai Turner,ANKLE,PROBABLE,
11/16/14,TE,Brandon Williams,HIP,QUESTIONABLE,
11/10/14,DT,Dwan Edwards,KNEE,PROBABLE,
10/30/14,LB,Jason Williams,HIP,PROBABLE,
10/26/14,RB,Chris Ogbonnaya,GROIN,QUESTIONABLE,
10/19/14,WR,Kelvin Benjamin,CONCUSSION,QUESTIONABLE,
10/19/14,DT,Colin Cole,NOT INJURY RELATED,PROBABLE,
10/19/14,CB,Josh Norman,CONCUSSION,PROBABLE,
10/19/14,RB,Darrin Reaves,CALF,QUESTIONABLE,
10/05/14,TE,Ed Dickson,HIP,QUESTIONABLE,
09/28/14,CB,Charles Godfrey,ANKLE,PROBABLE,
09/28/14,T,Garry Williams,BACK,DOUBTFUL,
09/21/14,WR,Jason Avant,THIGH,QUESTIONABLE,
09/14/14,DE,Greg Hardy,NOT INJURY RELATED,PROBABLE,
Date,Pos,Player,Injury,NFL Status,Fantasy News
Date,Pos,Player,Injury,NFL Status,Fantasy News
12/28/14,DE,Jared Allen,RIBS,QUESTIONABLE,
12/28/14,DE,David Bass,KNEE,PROBABLE,
12/28/14,QB,Jimmy Clausen,CONCUSSION,OUT,Missed Week 17 at Minnesota
12/28/14,S,Chris Conte,BACK,OUT,Missed Week 17 at Minnesota
12/28/14,DT,Ego Ferguson,ANKLE,PROBABLE,
12/28/14,K,Robbie Gould,RIGHT QUADRICEPS,OUT,Missed Week 17 at Minnesota
12/28/14,G,Kyle Long,HIP,PROBABLE,
12/28/14,CB,Al Louis-Jean,HAMSTRING,QUESTIONABLE,Missed Week 17 at Minnesota
12/28/14,DT,Jeremiah Ratliff,KNEE,QUESTIONABLE,
12/28/14,WR,Marquess Wilson,KNEE,PROBABLE,
12/21/14,CB,Kyle Fuller,HAND,PROBABLE,
12/21/14,CB,Tim Jennings,ANKLE,QUESTIONABLE,
12/21/14,LB,Shea McClellin,ANKLE,PROBABLE,
12/21/14,DT,Will Sutton,ILLNESS,QUESTIONABLE,
12/15/14,T,Michael Ola,BACK,QUESTIONABLE,
12/15/14,DE,Cornelius Washington,ANKLE,QUESTIONABLE,
12/04/14,TE,Martellus Bennett,FOOT,PROBABLE,
12/04/14,WR,Alshon Jeffery,HAMSTRING,QUESTIONABLE,
12/04/14,DE,Trevor Scott,KNEE,PROBABLE,
12/04/14,WR,Chris Williams,HAMSTRING,&nbsp;,
11/27/14,G,Eben Britton,ILLNESS,PROBABLE,
11/27/14,T,Jordan Mills,RIBS,PROBABLE,
11/27/14,S,Brock Vereen,SHOULDER,PROBABLE,
11/26/14,C,Brian de la Puente,ANKLE,&nbsp;,
11/23/14,CB,Demontre Hurst,KNEE,QUESTIONABLE,
11/23/14,WR,Josh Morgan,SHOULDER,PROBABLE,
11/16/14,CB,Terrance Mitchell,ILLNESS,PROBABLE,
11/09/14,LB,Jonathan Bostic,BACK,PROBABLE,
11/09/14,S,Danny McCray,KNEE,PROBABLE,
10/19/14,T,Jermon Bushrod,"KNEE, ANKLE",PROBABLE,
10/19/14,S,Ahmad Dixon,HAMSTRING,PROBABLE,
10/19/14,CB,Sherrick McManis,"QUADRICEPS, KNEE",PROBABLE,
10/13/14,G,Taylor Boggs,HAMSTRING,&nbsp;,
10/12/14,C,Roberto Garza,ANKLE,PROBABLE,
09/28/14,S,Ryan Mundy,SHOULDER,PROBABLE,
Date,Pos,Player,Injury,NFL Status,Fantasy News
01/04/15,WR,A.J. Green,CONCUSSION,DOUBTFUL,Missed Wild Card game at Indianapolis
01/04/15,TE,Jermaine Gresham,BACK,QUESTIONABLE,Missed Wild Card game at Indianapolis
01/04/15,RB,Cedric Peerman,"CONCUSSION, SHOULDER",QUESTIONABLE,
01/04/15,WR,James Wright,KNEE,OUT,Missed Wild Card game at Indianapolis
12/28/14,G,Clint Boling,ILLNESS,PROBABLE,
12/28/14,LB,Chris Carter,KNEE,PROBABLE,
12/28/14,CB,Darqueze Dennard,SHIN,PROBABLE,
12/28/14,DE,Wallace Gilberry,HAMSTRING,PROBABLE,
12/28/14,CB,Adam Jones,ILLNESS,QUESTIONABLE,
12/28/14,LB,Emmanuel Lamur,HAMSTRING,QUESTIONABLE,
12/28/14,CB,Chris Lewis-Harris,ILLNESS,QUESTIONABLE,
12/28/14,S,Reggie Nelson,ILLNESS,QUESTIONABLE,
12/28/14,CB,Terence Newman,ILLNESS,QUESTIONABLE,
12/28/14,K,Mike Nugent,ILLNESS,PROBABLE,
12/22/14,DE,Carlos Dunlap,CALF,PROBABLE,
12/22/14,DE,Margus Hunt,ANKLE,PROBABLE,
12/22/14,CB,Dre Kirkpatrick,ACHILLES,PROBABLE,Left Wild Card game at Indianapolis
12/22/14,QB,AJ McCarron,ILLNESS,QUESTIONABLE,
12/22/14,T,Marshall Newhouse,ILLNESS,PROBABLE,
12/22/14,G,Mike Pollak,KNEE,PROBABLE,
12/22/14,WR,Brandon Tate,ILLNESS,PROBABLE,
12/14/14,S,Shawn Williams,CHEST,PROBABLE,
12/07/14,DE,Robert Geathers,HIP,PROBABLE,
12/07/14,TE,Ryan Hewitt,ILLNESS,PROBABLE,
12/07/14,DT,Domata Peko,ELBOW,QUESTIONABLE,
11/30/14,S,George Iloka,GROIN,PROBABLE,
11/30/14,LB,Nico Johnson,ILLNESS,QUESTIONABLE,
11/30/14,WR,Greg Little,ILLNESS,PROBABLE,
11/25/14,T,Andre Smith,TORN LEFT TRICEPS,&nbsp;,
11/23/14,RB,Giovani Bernard,"HIP, CLAVICLE",PROBABLE,
11/23/14,G,Kevin Zeitler,CALF,PROBABLE,
11/16/14,CB,Leon Hall,CONCUSSION,PROBABLE,
11/16/14,LB,Rey Maualuga,HAMSTRING,QUESTIONABLE,Left Wild Card game at Indianapolis
11/16/14,S,Taylor Mays,FOOT,PROBABLE,
11/02/14,DT,Brandon Thompson,KNEE,QUESTIONABLE,
10/26/14,TE,Kevin Brock,NECK,PROBABLE,
10/12/14,LB,Vincent Rey,CALF,PROBABLE,
10/05/14,RB,Rex Burkhead,KNEE,PROBABLE,
09/21/14,T,Andrew Whitworth,KNEE,PROBABLE,
09/14/14,DT,Geno Atkins,FEET,PROBABLE,
Date,Pos,Player,Injury,NFL Status,Fantasy News
12/28/14,TE,Gary Barnidge,RIB,QUESTIONABLE,
12/28/14,DE,Desmond Bryant,THUMB,QUESTIONABLE,
12/28/14,CB,Joe Haden,SHOULDER,QUESTIONABLE,
12/28/14,WR,Andrew Hawkins,THUMB,QUESTIONABLE,
12/28/14,QB,Brian Hoyer,"RIGHT SHOULDER, BICEPS",DOUBTFUL,Missed Week 17 at Baltimore
12/28/14,WR,Marlon Moore,KNEE,PROBABLE,
12/28/14,NT,Ahtyba Rubin,ANKLE,OUT,Missed Week 17 at Baltimore
12/28/14,LB,Jabaal Sheard,FOOT,QUESTIONABLE,
12/28/14,TE,Ryan Taylor,ELBOW,QUESTIONABLE,
12/28/14,CB,K'Waun Williams,HAMSTRING,QUESTIONABLE,
12/21/14,LB,Karlos Dansby,KNEE,QUESTIONABLE,
12/21/14,CB,Robert Nelson,HAMSTRING,QUESTIONABLE,
12/14/14,RB,Isaiah Crowell,HIP,PROBABLE,
12/14/14,RB,Glenn Winston,ILLNESS,PROBABLE,
12/07/14,TE,Jordan Cameron,CONCUSSION,QUESTIONABLE,
12/07/14,LB,Paul Kruger,ILLNESS,PROBABLE,
12/07/14,C,Nick McDonald,"ANKLE, KNEE",PROBABLE,
12/07/14,LB,Barkevious Mingo,SHOULDER,PROBABLE,
11/23/14,S,Johnson Bademosi,CONCUSSION,QUESTIONABLE,
11/16/14,DE,Billy Winn,TOE,PROBABLE,
11/14/14,DE,Phil Taylor,RIGHT KNEE,&nbsp;,
11/06/14,WR,Taylor Gabriel,SHOULDER,PROBABLE,
11/02/14,S,Jim Leonhard,ANKLE,PROBABLE,
11/02/14,T,Joe Thomas,NOT INJURY RELATED,PROBABLE,
10/27/14,DE,John Hughes,RIGHT KNEE,&nbsp;,
10/19/14,RB,Ben Tate,FINGER,PROBABLE,
10/12/14,G,John Greco,KNEE,PROBABLE,
10/12/14,CB,Buster Skrine,THUMB,PROBABLE,
09/21/14,WR,Travis Benjamin,KNEE,PROBABLE,
09/21/14,P,Spencer Lanning,SHOULDER,PROBABLE,
09/21/14,G,Paul McQuistan,ANKLE,PROBABLE,
09/07/14,CB,Pierre Desir,KNEE,PROBABLE,
09/07/14,LB,Eric Martin,CONCUSSION,PROBABLE,
09/07/14,LB,Christian Yount,SHOULDER,PROBABLE,
Date,Pos,Player,Injury,NFL Status,Fantasy News
01/11/15,LB,Bruce Carter,KNEE,PROBABLE,
01/11/15,T,Doug Free,ANKLE,DOUBTFUL,
01/11/15,TE,James Hanna,KNEE,PROBABLE,
01/11/15,DT,Nick Hayden,SHOULDER,PROBABLE,
01/11/15,S,Jeff Heath,THUMB,PROBABLE,
01/11/15,LB,Anthony Hitchens,ANKLE,QUESTIONABLE,
01/11/15,G,Zack Martin,ANKLE,PROBABLE,
01/11/15,LB,Rolando McClain,"KNEE, CONCUSSION",QUESTIONABLE,Left Divisional Playoff game at Green Bay
01/11/15,DT,Terrell McClain,ANKLE,QUESTIONABLE,Missed Divisional Playoff game at Green Bay
01/11/15,DE,Jeremy Mincey,CONCUSSION,QUESTIONABLE,
01/11/15,RB,DeMarco Murray,HAND,PROBABLE,
01/11/15,QB,Tony Romo,BACK,PROBABLE,
01/04/15,DT,Josh Brent,CALF,PROBABLE,
01/04/15,DE,Tyrone Crawford,ILLNESS,QUESTIONABLE,
01/04/15,S,C.J. Spillman,GROIN,PROBABLE,
12/21/14,CB,Tyler Patmon,"KNEE, ANKLE",PROBABLE,
12/21/14,DE,George Selvie,THUMB,PROBABLE,
12/21/14,QB,Brandon Weeden,NOT INJURY RELATED,PROBABLE,
12/14/14,DE,Demarcus Lawrence,CHEST,PROBABLE,
12/04/14,T,Tyron Smith,ILLNESS,PROBABLE,
12/04/14,WR,Terrance Williams,FINGER,PROBABLE,
11/09/14,S,Barry Church,SHOULDER,PROBABLE,
11/09/14,G,Ronald Leary,GROIN,PROBABLE,
11/09/14,T,Jermey Parnell,CHEST,PROBABLE,
11/09/14,DE,Anthony Spencer,"KNEE, FOOT",PROBABLE,
11/02/14,CB,Brandon Carr,HAMSTRING,PROBABLE,
10/27/14,WR,Dez Bryant,SHOULDER,PROBABLE,
10/27/14,S,Jakar Hamilton,NOT INJURY RELATED,PROBABLE,
10/19/14,LB,Cameron Lawrence,THIGH,PROBABLE,
09/28/14,DT,Davon Coleman,KNEE,QUESTIONABLE,
09/28/14,TE,Gavin Escobar,KNEE,PROBABLE,
09/21/14,DT,Ken Bishop,ILLNESS,PROBABLE,
09/21/14,DE,Lavar Edwards,KNEE,QUESTIONABLE,
09/21/14,RB,Joseph Randle,CONCUSSION,QUESTIONABLE,
09/17/14,T,Darrion Weems,SHOULDER,&nbsp;,
09/02/14,DL,Chris Whaley,Knee,NFI,NFI. Out indefinitely
Date,Pos,Player,Injury,NFL Status,Fantasy News
01/11/15,S,David Bruton Jr.,"CONCUSSION, NECK",PROBABLE,
01/11/15,T,Paul Cornick,TOE,PROBABLE,
01/11/15,G,Orlando Franklin,CONCUSSION,PROBABLE,
01/11/15,QB,Peyton Manning,THIGH,PROBABLE,
01/11/15,LB,Brandon Marshall,FOOT,QUESTIONABLE,
01/11/15,C,Will Montgomery,KNEE,PROBABLE,
01/11/15,CB,Aqib Talib,ACHILLES,PROBABLE,
01/11/15,WR,Demaryius Thomas,"ANKLE, FINGER",PROBABLE,
01/11/15,TE,Julius Thomas,ANKLE,PROBABLE,
01/11/15,RB,Juwan Thompson,"HIP, KNEE",PROBABLE,Missed Divisional Playoff game vs. Indianapolis
01/11/15,DT,Mitch Unrein,KNEE,QUESTIONABLE,Missed Divisional Playoff game vs. Indianapolis
01/11/15,S,T.J. Ward,NECK,PROBABLE,
01/11/15,CB,Kayvon Webster,SHOULDER,PROBABLE,
12/28/14,RB,C.J. Anderson,ANKLE,PROBABLE,
12/28/14,LB,Lamin Barrow,ILLNESS,PROBABLE,
12/28/14,T,Ryan Clady,THIGH,PROBABLE,
12/28/14,T,Chris Clark,BACK,PROBABLE,
12/28/14,RB,Ronnie Hillman,FOOT,PROBABLE,
12/28/14,C,Manny Ramirez,ILLNESS,PROBABLE,
12/28/14,WR,Emmanuel Sanders,HIP,QUESTIONABLE,
12/28/14,TE,Jacob Tamme,FOOT,PROBABLE,
12/28/14,DE,Derek Wolfe,KNEE,PROBABLE,
12/22/14,WR,Cody Latimer,CONCUSSION,PROBABLE,
12/14/14,DE,Malik Jackson,KNEE,PROBABLE,
12/14/14,WR,Wes Welker,ANKLE,PROBABLE,
12/07/14,DT,Terrance Knighton,ELBOW,QUESTIONABLE,
12/07/14,LB,Lerentee McCray,ILLNESS,PROBABLE,
11/30/14,TE,Virgil Green,CALF,PROBABLE,
11/23/14,P,Britton Colquitt,ILLNESS,PROBABLE,
11/23/14,LB,Steven Johnson,ANKLE,PROBABLE,
11/09/14,K,Brandon McManus,RIGHT GROIN,PROBABLE,
11/02/14,CB,Omar Bolden,CONCUSSION,PROBABLE,
11/02/14,CB,Chris Harris Jr.,KNEE,PROBABLE,
11/02/14,G,Louis Vasquez,ILLNESS,PROBABLE,
10/19/14,LB,Corey Nelson,HAMSTRING,PROBABLE,
10/12/14,WR,Andre Caldwell,KNEE,PROBABLE,
10/12/14,T,Michael Schofield,NOT INJURY RELATED,PROBABLE,
09/21/14,DT,Marvin Austin Jr.,NOT INJURY RELATED,PROBABLE,
09/21/14,G,Ben Garland,ANKLE,PROBABLE,
09/21/14,LB,Von Miller,GROIN,PROBABLE,
09/14/14,DE,DeMarcus Ware,THIGH,PROBABLE,
09/07/14,WR,Isaiah Burse,ILLNESS,PROBABLE,
Date,Pos,Player,Injury,NFL Status,Fantasy News
01/04/15,DE,Ezekiel Ansah,TOE,PROBABLE,
01/04/15,DT,Nick Fairley,KNEE,DOUBTFUL,Missed Wild Card game at Dallas
01/04/15,WR,Calvin Johnson,ANKLE,PROBABLE,
01/04/15,DE,Darryl Tapp,NOT INJURY RELATED,PROBABLE,
12/28/14,RB,Joique Bell,ACHILLES,PROBABLE,
12/21/14,S,Don Carey,ANKLE,PROBABLE,
12/21/14,DE,George Johnson,ILLNESS,PROBABLE,
12/21/14,DT,C.J. Mosley,NOT INJURY RELATED,PROBABLE,
12/21/14,LB,Ashlee Palmer,QUADRICEPS,PROBABLE,
12/21/14,G,Rob Sims,ILLNESS,PROBABLE,
12/17/14,T,LaAdrian Waddle,LEFT KNEE,&nbsp;,
12/14/14,RB,Reggie Bush,ANKLE,QUESTIONABLE,
12/14/14,LB,Josh Bynes,ILLNESS,PROBABLE,
12/14/14,S,James Ihedigbo,ILLNESS,PROBABLE,
12/14/14,CB,Darius Slay,SHOULDER,PROBABLE,
12/14/14,DT,Ndamukong Suh,ILLNESS,PROBABLE,One-game suspension
12/14/14,LB,Tahir Whitehead,SHOULDER,QUESTIONABLE,
12/07/14,T,Riley Reiff,KNEE,PROBABLE,
12/07/14,RB,Theo Riddick,TOE,PROBABLE,
11/27/14,CB,Rashean Mathis,ANKLE,PROBABLE,
11/27/14,S,Glover Quin,BACK,PROBABLE,
11/23/14,DE,Jason Jones,NOT INJURY RELATED,PROBABLE,
11/23/14,TE,Brandon Pettigrew,FOOT,PROBABLE,
11/23/14,WR,Golden Tate,HIP,PROBABLE,
11/16/14,TE,Eric Ebron,HAMSTRING,PROBABLE,
11/16/14,C,Don Muhlbach,ANKLE,PROBABLE,
11/16/14,DE,Devin Taylor,KNEE,PROBABLE,
10/19/14,WR,Jeremy Ross,ANKLE,PROBABLE,
10/12/14,S,Jerome Couplin,RIBS,PROBABLE,
10/12/14,CB,Cassius Vaughn,ANKLE,PROBABLE,
09/08/14,DT,Caraun Reid,SHOULDER,PROBABLE,
Date,Pos,Player,Injury,NFL Status,Fantasy News
01/18/15,DT,Josh Boyd,ANKLE,PROBABLE,
01/18/15,RB,Eddie Lacy,KNEE,PROBABLE,
01/18/15,QB,Aaron Rodgers,CALF,PROBABLE,
01/18/15,G,Josh Sitton,TOE,PROBABLE,
01/11/15,CB,Davon House,SHOULDER,PROBABLE,
01/11/15,S,Sean Richardson,KNEE,QUESTIONABLE,
12/28/14,G,T.J. Lang,ANKLE,PROBABLE,
12/28/14,LB,Clay Matthews,BICEPS,PROBABLE,
12/28/14,LB,Mike Neal,ABDOMEN,PROBABLE,
12/21/14,T,Bryan Bulaga,CONCUSSION,PROBABLE,
12/21/14,LB,Nick Perry,SHOULDER,PROBABLE,
12/08/14,DT,Mike Daniels,BACK,PROBABLE,
12/08/14,CB,Sam Shields,CONCUSSION,QUESTIONABLE,
12/08/14,G,Lane Taylor,ILLNESS,PROBABLE,
11/30/14,WR,Davante Adams,HEEL,PROBABLE,
11/30/14,TE,Brandon Bostick,HIP,PROBABLE,
11/30/14,CB,Jarrett Bush,GROIN,QUESTIONABLE,
11/23/14,DE,Datone Jones,ANKLE,QUESTIONABLE,
11/09/14,S,Morgan Burnett,CALF,QUESTIONABLE,
10/26/14,RB,James Starks,ANKLE,PROBABLE,
10/19/14,LB,Sam Barrington,HAMSTRING,PROBABLE,
10/19/14,WR,Jarrett Boykin,GROIN,QUESTIONABLE,
10/19/14,CB,Tramon Williams,ANKLE,QUESTIONABLE,
10/12/14,T,David Bakhtiari,BACK,PROBABLE,
10/02/14,LB,Brad Jones,QUADRICEPS,PROBABLE,
09/21/14,CB,Casey Hayward,GLUTE,QUESTIONABLE,
09/21/14,S,Micah Hyde,KNEE,PROBABLE,
09/14/14,CB,Demetri Goodson,CONCUSSION,PROBABLE,
Date,Pos,Player,Injury,NFL Status,Fantasy News
12/28/14,G,Brandon Brooks,"KNEE, ANKLE",PROBABLE,
12/28/14,T,Tyson Clabo,SHOULDER,PROBABLE,
12/28/14,LB,Brian Cushing,ANKLE,PROBABLE,
12/28/14,TE,C.J. Fiedorowicz,SHOULDER,PROBABLE,
12/28/14,RB,Arian Foster,NOT INJURY RELATED,PROBABLE,Left Week 17 vs. Jacksonville
12/28/14,TE,Garrett Graham,ANKLE,OUT,Missed Week 17 vs. Jacksonville
12/28/14,WR,DeAndre Hopkins,WRIST,PROBABLE,
12/28/14,CB,Kareem Jackson,BACK,PROBABLE,
12/28/14,WR,Andre Johnson,NOT INJURY RELATED,PROBABLE,
12/28/14,CB,Johnathan Joseph,ANKLE,PROBABLE,
12/28/14,LB,Whitney Mercilus,"BACK, FINGER",PROBABLE,
12/28/14,LB,Mike Mohamed,CONCUSSION,OUT,Missed Week 17 vs. Jacksonville
12/28/14,NT,Ryan Pickett,GROIN,PROBABLE,
12/28/14,WR,DeVier Posey,CALF,OUT,Missed Week 17 vs. Jacksonville
12/28/14,QB,Tom Savage,KNEE,OUT,Missed Week 17 vs. Jacksonville
12/28/14,G,Xavier Su'a-Filo,BACK,PROBABLE,
12/28/14,LB,Jeff Tarpinian,KNEE,PROBABLE,
12/21/14,LB,Akeem Dent,NECK,PROBABLE,
12/14/14,S,Danieal Manning,HAMSTRING,PROBABLE,
12/10/14,LB,Jadeveon Clowney,RIGHT KNEE MICROFRACTURE SURGERY,&nbsp;,
12/07/14,TE,Anthony Denham,ILLNESS,PROBABLE,
12/07/14,P,Shane Lechler,BICEPS,PROBABLE,
12/07/14,T,Derek Newton,KNEE,PROBABLE,
11/30/14,S,Kendrick Lewis,KNEE,PROBABLE,
11/30/14,CB,Darryl Morris,THIGH,PROBABLE,
11/30/14,S,D.J. Swearinger,ANKLE,PROBABLE,
11/23/14,RB,Jonathan Grimes,ANKLE,PROBABLE,
11/23/14,LB,Justin Tuggle,SHOULDER,PROBABLE,
11/16/14,LB,Brooks Reed,GROIN,PROBABLE,
11/16/14,LB,John Simon,ANKLE,PROBABLE,
11/02/14,RB,Alfred Blue,ANKLE,PROBABLE,
11/02/14,CB,Jumal Rolle,WRIST,PROBABLE,
10/26/14,NT,Jerrell Powe,SHOULDER,PROBABLE,
10/20/14,C,Chris Myers,NOT INJURY RELATED,PROBABLE,
10/20/14,DE,J.J. Watt,THIGH,PROBABLE,
10/09/14,CB,A.J. Bouye,GROIN,PROBABLE,
10/09/14,WR,Damaris Johnson,FOOT,PROBABLE,
10/09/14,G,Ben Jones,KNEE,PROBABLE,
10/09/14,S,Eddie Pleasant,ANKLE,PROBABLE,
10/05/14,T,Duane Brown,KNEE,PROBABLE,
09/28/14,DE,Jared Crick,NECK,PROBABLE,
09/21/14,RB,Jay Prosch,HAND,PROBABLE,
09/14/14,CB,Elbert Mack,FOOT,PROBABLE,
Date,Pos,Player,Injury,NFL Status,Fantasy News
01/18/15,CB,Vontae Davis,KNEE,QUESTIONABLE,
01/18/15,CB,Greg Toler,GROIN,QUESTIONABLE,
01/18/15,LB,Erik Walden,KNEE,PROBABLE,
01/17/15,RB,Trent Richardson,PERSONAL REASONS,&nbsp;,
01/11/15,LB,Jerrell Freeman,ABDOMEN,PROBABLE,
01/11/15,C,Jonotthan Harrison,CONCUSSION,PROBABLE,
01/11/15,LB,Andrew Jackson,HAMSTRING,PROBABLE,
01/11/15,LB,D'Qwell Jackson,NOT INJURY RELATED,PROBABLE,
01/11/15,LB,Henoc Muamba,BACK,PROBABLE,
01/11/15,C,A.Q. Shipley,ANKLE,PROBABLE,
01/11/15,WR,Reggie Wayne,NOT INJURY RELATED,PROBABLE,
01/06/15,G,Hugh Thornton,SHOULDER,&nbsp;,
01/04/15,TE,Dwayne Allen,KNEE,PROBABLE,
01/04/15,WR,Josh Cribbs,NOT INJURY RELATED,PROBABLE,
01/04/15,G,Joe Reitz,ANKLE,PROBABLE,
01/04/15,LB,Bjoern Werner,SHOULDER,PROBABLE,
01/01/15,T,Gosder Cherilus,GROIN,&nbsp;,
12/28/14,WR,T.Y. Hilton,HAMSTRING,QUESTIONABLE,
12/28/14,DE,Cory Redding,KNEE,PROBABLE,
12/14/14,S,Mike Adams,BACK,PROBABLE,
12/14/14,S,Sergio Brown,ILLNESS,PROBABLE,
12/14/14,CB,Darius Butler,ILLNESS,PROBABLE,
12/14/14,S,LaRon Landry,ILLNESS,PROBABLE,
12/14/14,T,Xavier Nixon,FOOT,PROBABLE,
12/14/14,LB,Andy Studebaker,HAMSTRING,PROBABLE,
12/07/14,CB,Jalil Brown,ANKLE,QUESTIONABLE,
12/07/14,DT,Arthur Jones,ILLNESS,PROBABLE,
12/07/14,NT,Zach Kerr,ILLNESS,PROBABLE,
12/07/14,G,Lance Louis,ILLNESS,PROBABLE,
11/30/14,S,Colt Anderson,KNEE,QUESTIONABLE,
11/30/14,CB,Josh Gordy,BACK,PROBABLE,
11/16/14,LB,Victor Butler,HAMSTRING,PROBABLE,
11/16/14,LB,Josh McNary,ANKLE,PROBABLE,
10/26/14,TE,Jack Doyle,KNEE,QUESTIONABLE,
10/19/14,T,Jack Mewhort,ANKLE,PROBABLE,
09/29/14,LB,Mario Harvey,KNEE,&nbsp;,
09/21/14,C,Khaled Holmes,ANKLE,PROBABLE,
09/21/14,DT,Ricky Jean Francois,ANKLE,QUESTIONABLE,
09/21/14,WR,Hakeem Nicks,ILLNESS,QUESTIONABLE,
09/15/14,NT,Josh Chapman,ANKLE,QUESTIONABLE,
Date,Pos,Player,Injury,NFL Status,Fantasy News
Date,Pos,Player,Injury,NFL Status,Fantasy News
12/28/14,QB,Blake Bortles,FOOT,PROBABLE,
12/28/14,C,Luke Bowanko,WRIST,PROBABLE,
12/28/14,DE,Andre Branch,GROIN,PROBABLE,
12/28/14,DE,Chris Clemons,KNEE,PROBABLE,
12/28/14,RB,Toby Gerhart,RIBS,PROBABLE,Left Week 17 at Houston
12/28/14,DT,Roy Miller III,KNEE,DOUBTFUL,Missed Week 17 at Houston
12/28/14,WR,Cecil Shorts III,SHOULDER,PROBABLE,
12/28/14,WR,Tommy Streeter,ABDOMEN,PROBABLE,Missed Week 17 at Houston
12/27/14,WR,Justin Blackmon,Suspension,SUSPEND,Suspended indefinitely. Out for season
12/18/14,DE,Ryan Davis,HIP POINTER,QUESTIONABLE,
12/18/14,S,Josh Evans,FOOT,QUESTIONABLE,
12/18/14,WR,Marqise Lee,ELBOW,PROBABLE,Left Week 17 at Houston
12/14/14,LB,J.T. Thomas III,ANKLE,PROBABLE,
12/07/14,LB,Jeremiah George,ANKLE,PROBABLE,
12/07/14,DT,Sen'Derrick Marks,FOOT,PROBABLE,Left Week 17 at Houston
12/07/14,LB,LaRoy Reynolds,NECK,QUESTIONABLE,
12/03/14,T,Austin Pasztor,HAMSTRING,&nbsp;,
11/30/14,CB,Demetrius McCray,ANKLE,PROBABLE,
11/23/14,G,Brandon Linder,SHOULDER,PROBABLE,
11/09/14,S,Sherrod Martin,SHOULDER,PROBABLE,
11/09/14,RB,Jordan Todman,QUADRICEPS,PROBABLE,
11/09/14,LB,Dekoda Watson,HAMSTRING,PROBABLE,
11/02/14,CB,Dwayne Gratz,GROIN,PROBABLE,
11/02/14,WR,Allen Hurns,ANKLE,PROBABLE,
11/02/14,T,Luke Joeckel,CONCUSSION,PROBABLE,
10/26/14,S,Craig Loston,HAMSTRING,PROBABLE,
10/19/14,TE,Clay Harbor,KNEE,PROBABLE,
10/12/14,RB,Storm Johnson,ANKLE,PROBABLE,
10/05/14,RB,Will Ta'ufo'ou,ANKLE,PROBABLE,
09/21/14,S,Johnathan Cyprien,CONCUSSION,PROBABLE,
09/21/14,S,Winston Guy,ILLNESS,PROBABLE,
09/21/14,CB,Jeremy Harris,ILLNESS,PROBABLE,
09/16/14,TE,Marcedes Lewis,HIGH LEFT ANKLE SPRAIN,&nbsp;,
09/14/14,DT,Abry Jones,ABDOMEN,PROBABLE,
09/07/14,P,Bryan Anger,RIGHT GROIN,PROBABLE,
09/07/14,G,Zane Beadles,CALF,PROBABLE,
09/07/14,K,Josh Scobee,RIGHT QUADRICEPS,PROBABLE,
09/07/14,T,Josh Wells,SHOULDER,QUESTIONABLE,
Date,Pos,Player,Injury,NFL Status,Fantasy News
12/28/14,WR,Dwayne Bowe,SHOULDER,QUESTIONABLE,
12/28/14,RB,Jamaal Charles,"HAMSTRING, ANKLE",QUESTIONABLE,Left Week 17 vs. San Diego
12/28/14,TE,Anthony Fasano,KNEE,PROBABLE,
12/28/14,G,Zach Fulton,"FOOT, TOE",QUESTIONABLE,
12/28/14,CB,Phillip Gaines,ILLNESS,OUT,Missed Week 17 vs. San Diego
12/28/14,LB,Tamba Hali,KNEE,PROBABLE,
12/28/14,LB,Josh Martin,HAND,PROBABLE,
12/28/14,LB,Joe Mays,KNEE,PROBABLE,
12/28/14,QB,Alex Smith,SPLEEN,OUT,Missed Week 17 vs. San Diego
12/21/14,DE,Allen Bailey,CONCUSSION,PROBABLE,
12/21/14,DT,Jaye Howard,"ILLNESS, SHOULDER",PROBABLE,
12/21/14,LB,Josh Mauga,OBLIQUE,PROBABLE,
12/21/14,CB,Chris Owens,KNEE,PROBABLE,
12/21/14,CB,Sean Smith,GROIN,PROBABLE,
12/14/14,S,Husain Abdullah,FOOT,PROBABLE,
12/14/14,WR,Donnie Avery,GROIN,PROBABLE,
12/14/14,WR,Junior Hemingway,CONCUSSION,PROBABLE,
12/14/14,LB,James-Michael Johnson,"BACK, KNEE",PROBABLE,
12/07/14,P,Dustin Colquitt,RIGHT CALF,PROBABLE,
12/07/14,CB,Jamell Fleming,HAMSTRING,PROBABLE,
12/07/14,LB,Dee Ford,QUADRICEPS,PROBABLE,
12/07/14,G,Mike McGlynn,QUADRICEPS,PROBABLE,
11/30/14,T,Donald Stephenson,SHOULDER,PROBABLE,
11/30/14,DT,Kevin Vickerson,CALF,QUESTIONABLE,Left Week 17 vs. San Diego
11/24/14,S,Eric Berry,NON-FOOTBALL ILLNESS,&nbsp;,NFI. Out for season
11/20/14,TE,Travis Kelce,"RIBS, SHOULDER",PROBABLE,
10/26/14,LB,Justin Houston,ANKLE,PROBABLE,
10/05/14,CB,Marcus Cooper,KNEE,QUESTIONABLE,
10/05/14,RB,De'Anthony Thomas,HAMSTRING,PROBABLE,
10/05/14,LB,Frank Zombo,HAMSTRING,PROBABLE,
09/30/14,RB,Joe McKnight,ACHILLES,&nbsp;,
09/29/14,DE,Vance Walker,SHOULDER,PROBABLE,
09/21/14,C,Eric Kush,SHOULDER,PROBABLE,
09/14/14,WR,Frankie Hammond Jr.,SHOULDER,PROBABLE,
09/14/14,WR,Albert Wilson,ANKLE,PROBABLE,
09/07/14,RB,Anthony Sherman,BACK,PROBABLE,
Date,Pos,Player,Injury,NFL Status,Fantasy News
12/28/14,TE,Charles Clay,"HAMSTRING, KNEE",PROBABLE,
12/28/14,CB,Cortland Finnegan,ANKLE,PROBABLE,
12/28/14,LB,Jonathan Freeny,HAMSTRING,PROBABLE,
12/28/14,LB,Jelani Jenkins,FOOT,QUESTIONABLE,
12/28/14,LB,Koa Misi,"HAMSTRING, KNEE",PROBABLE,Left Week 17 vs. New York Jets
12/28/14,DT,Earl Mitchell,BACK,PROBABLE,
12/28/14,DT,Jared Odrick,ANKLE,PROBABLE,
12/28/14,DE,Derrick Shelby,ANKLE,QUESTIONABLE,
12/28/14,G,Dallas Thomas,FOOT,QUESTIONABLE,
12/28/14,RB,Daniel Thomas,KNEE,PROBABLE,
12/28/14,WR,Mike Wallace,BACK,PROBABLE,
12/21/14,LB,Chris McCain,ANKLE,PROBABLE,
12/21/14,LB,Jordan Tripp,FOOT,PROBABLE,
12/14/14,S,Walt Aikens,ILLNESS,PROBABLE,
12/14/14,DE,Dion Jordan,ANKLE,PROBABLE,
12/14/14,TE,Dion Sims,NECK,PROBABLE,
12/14/14,S,Jimmy Wilson,HAMSTRING,PROBABLE,
12/07/14,WR,Brian Hartline,KNEE,PROBABLE,
12/07/14,T,Ja'Wuan James,NECK,PROBABLE,
12/07/14,C,Samson Satele,RIBS,PROBABLE,
12/01/14,G,Daryn Colledge,BACK,PROBABLE,
12/01/14,WR,Rishard Matthews,GROIN,PROBABLE,
11/23/14,WR,Jarvis Landry,SHOULDER,PROBABLE,
11/23/14,RB,Lamar Miller,"SHOULDER, KNEE",QUESTIONABLE,
11/23/14,C,Mike Pouncey,HIP,PROBABLE,
11/23/14,LB,Kelvin Sheppard,"HIP, GROIN",PROBABLE,
11/23/14,QB,Ryan Tannehill,LEFT SHOULDER,PROBABLE,
11/13/14,DE,John Denney,KNEE,QUESTIONABLE,
11/10/14,T,Branden Albert,"TORN RIGHT ACL, MCL",&nbsp;,
10/26/14,CB,Brent Grimes,GROIN,PROBABLE,
10/26/14,LB,Philip Wheeler,"SHOULDER, THUMB",PROBABLE,
10/19/14,WR,Brandon Gibson,HAMSTRING,PROBABLE,
10/19/14,G,Shelley Smith,KNEE,PROBABLE,
10/12/14,DT,Randy Starks,BACK,PROBABLE,
09/28/14,DE,Terrence Fede,KNEE,PROBABLE,
09/28/14,T,Billy Turner,FOOT,PROBABLE,
09/28/14,RB,Damien Williams,ANKLE,QUESTIONABLE,
09/21/14,DT,Bruce Gaston,KNEE,PROBABLE,
Date,Pos,Player,Injury,NFL Status,Fantasy News
12/28/14,RB,Matt Asiata,FOOT,PROBABLE,
12/28/14,S,Robert Blanton,ANKLE,PROBABLE,
12/28/14,S,Antone Exum Jr.,KNEE,PROBABLE,
12/28/14,DT,Sharrif Floyd,KNEE,PROBABLE,
12/28/14,TE,Chase Ford,FOOT,PROBABLE,
12/28/14,T,Mike Harris,FOOT,PROBABLE,
12/28/14,WR,Greg Jennings,HAMSTRING,PROBABLE,
12/28/14,G,Charlie Johnson,ANKLE,PROBABLE,
12/28/14,S,Andrew Sendejo,THUMB,PROBABLE,
12/28/14,WR,Jarius Wright,BACK,QUESTIONABLE,Left Week 17 vs. Chicago
12/21/14,LB,Chad Greenway,NOT INJURY RELATED,PROBABLE,
12/21/14,DT,Linval Joseph,ILLNESS,PROBABLE,
12/21/14,C,Cullen Loeffler,ILLNESS,PROBABLE,
12/21/14,CB,Xavier Rhodes,WRIST,PROBABLE,
12/21/14,DE,Brian Robison,ANKLE,PROBABLE,
12/21/14,TE,Kyle Rudolph,"ANKLE, KNEE",DOUBTFUL,
12/14/14,RB,Jerome Felton,NECK,PROBABLE,
12/14/14,DE,Everson Griffen,LOW BACK,PROBABLE,
12/14/14,WR,Cordarrelle Patterson,HAMSTRING,QUESTIONABLE,
12/14/14,CB,Jabari Price,HAMSTRING,PROBABLE,
12/14/14,S,Harrison Smith,SHOULDER,PROBABLE,
12/10/14,LB,Michael Mauti,UNDISCLOSED,&nbsp;,
12/07/14,TE,Rhett Ellison,ANKLE,PROBABLE,
11/30/14,T,Matt Kalil,KNEE,PROBABLE,
11/26/14,T,Phil Loadholt,TORN PECTORAL MUSCLE,&nbsp;,
11/23/14,DE,Scott Crichton,HIP,PROBABLE,
11/23/14,CB,Captain Munnerlyn,NOT INJURY RELATED,PROBABLE,
11/02/14,LB,Gerald Hodges,HAMSTRING,PROBABLE,
11/02/14,CB,Josh Robinson,ANKLE,PROBABLE,
10/26/14,G,Vladimir Ducasse,KNEE,QUESTIONABLE,
10/26/14,C,John Sullivan,CONCUSSION,PROBABLE,
10/26/14,DE,Corey Wootton,BACK,PROBABLE,
10/12/14,QB,Teddy Bridgewater,ANKLE,PROBABLE,
10/02/14,WR,Rodney Smith,HAMSTRING,PROBABLE,
10/02/14,LB,Brandon Watts,KNEE,PROBABLE,
09/14/14,RB,Zach Line,ANKLE,PROBABLE,
Date,Pos,Player,Injury,NFL Status,Fantasy News
02/01/15,QB,Tom Brady,ANKLE,PROBABLE(SB BYE),Full practice. Probable for the Super Bowl vs. Seattle
02/01/15,CB,Brandon Browner,KNEE,QUESTIONABLE(SB BYE),
02/01/15,LB,Dont'a Hightower,SHOULDER,QUESTIONABLE(SB BYE),Limited practice. Questionable for the Super Bowl vs. Seattle
02/01/15,DT,Chris Jones,ELBOW,QUESTIONABLE(SB BYE),Limited practice. Questionable for the Super Bowl vs. Seattle
02/01/15,WR,Brandon LaFell,"SHOULDER, TOE",QUESTIONABLE(SB BYE),
02/01/15,DT,Sealver Siliga,FOOT,QUESTIONABLE(SB BYE),Limited practice. Questionable for the Super Bowl vs. Seattle
02/01/15,C,Bryan Stork,KNEE,QUESTIONABLE(SB BYE),
01/29/15,LB,Akeem Ayers,Knee,QUESTIONABLE,Limited practice. Questionable for the Super Bowl vs. Seattle
01/10/15,WR,Julian Edelman,CONCUSSION,PROBABLE,
01/10/15,RB,Jonas Gray,ANKLE,PROBABLE,
12/28/14,C,Danny Aiken,FINGER,QUESTIONABLE,
12/28/14,CB,Kyle Arrington,HAMSTRING,QUESTIONABLE,
12/28/14,RB,LeGarrette Blount,SHOULDER,QUESTIONABLE,
12/28/14,LB,Jamie Collins,HIP,QUESTIONABLE,
12/28/14,G,Dan Connolly,KNEE,QUESTIONABLE,
12/28/14,T,Cameron Fleming,ANKLE,QUESTIONABLE,
12/28/14,DE,Chandler Jones,HIP,QUESTIONABLE,
12/28/14,DE,Rob Ninkovich,HEEL,QUESTIONABLE,
12/28/14,RB,Shane Vereen,ANKLE,QUESTIONABLE,
12/28/14,T,Sebastian Vollmer,BACK,QUESTIONABLE,
12/28/14,LB,Chris White,ANKLE,QUESTIONABLE,
12/17/14,DT,Dominique Easley,KNEE,&nbsp;,
12/07/14,T,Marcus Cannon,HIP,PROBABLE,
11/23/14,S,Nate Ebner,FINGER,QUESTIONABLE,
11/16/14,WR,Matthew Slater,SHOULDER,PROBABLE,
11/16/14,C,Ryan Wendell,KNEE,QUESTIONABLE,
10/26/14,S,Devin McCourty,RIB,PROBABLE,
10/05/14,TE,Rob Gronkowski,KNEE,PROBABLE,
09/29/14,S,Don Jones,HAMSTRING,PROBABLE,
Date,Pos,Player,Injury,NFL Status,Fantasy News
12/28/14,S,Jamarca Sanford,HAMSTRING,PROBABLE,
12/28/14,T,Zach Strief,NECK,PROBABLE,
12/28/14,DB,Kenny Vaccaro,Quad,OUT,Missed Week 17 at Tampa Bay
12/26/14,DE,Akiem Hicks,ANKLE,&nbsp;,
12/15/14,LB,Junior Galette,NECK,QUESTIONABLE,
12/15/14,LB,David Hawthorne,HIP,PROBABLE,
12/15/14,CB,Keenan Lewis,ILLNESS,PROBABLE,
12/07/14,RB,Travaris Cadet,HAMSTRING,PROBABLE,
12/07/14,RB,Mark Ingram,"ANKLE, TOE",PROBABLE,
12/07/14,LB,Kyle Knox,HAND,PROBABLE,
12/07/14,RB,Khiry Robinson,FOREARM,PROBABLE,
11/30/14,C,Jonathan Goodwin,TOE,PROBABLE,
11/30/14,G,Ben Grubbs,NECK,PROBABLE,
11/30/14,LB,Curtis Lofton,ANKLE,PROBABLE,
11/24/14,WR,Robert Meachem,ANKLE,QUESTIONABLE,
11/16/14,P,Thomas Morstead,ILLNESS,PROBABLE,
11/09/14,TE,Jimmy Graham,SHOULDER,PROBABLE,
11/09/14,WR,Kenny Stills,THIGH,PROBABLE,
10/26/14,LB,Ramon Humber,ANKLE,QUESTIONABLE,
10/26/14,CB,Patrick Robinson,HAMSTRING,PROBABLE,
10/19/14,RB,Erik Lorig,ANKLE,PROBABLE,
10/19/14,LB,Ronald Powell,ILLNESS,PROBABLE,
10/05/14,S,Marcus Ball,HAMSTRING,PROBABLE,
10/05/14,TE,Benjamin Watson,GROIN,PROBABLE,
10/05/14,CB,Corey White,FOOT,PROBABLE,
09/21/14,C,Tim Lelito,BACK,QUESTIONABLE,
09/21/14,WR,Joseph Morgan,KNEE,PROBABLE,
Date,Pos,Player,Injury,NFL Status,Fantasy News
12/28/14,DB,Stevie Brown,Foot,LEFT,Left Week 17 vs. Philadelphia
12/28/14,TE,Larry Donnell,Ankle,LEFT,Left Week 17 vs. Philadelphia
12/28/14,DE,Paul Hazel,HAMSTRING,PROBABLE,
12/28/14,RB,Rashad Jennings,ANKLE,PROBABLE,
12/28/14,LB,Devon Kennard,TOE,OUT,Missed Week 17 vs. Philadelphia
12/28/14,LB,Jameel McClain,KNEE,PROBABLE,
12/28/14,RB,Andre Williams,SHOULDER,QUESTIONABLE,
12/16/14,T,James Brewer,CONCUSSION,&nbsp;,
12/14/14,LB,Mark Herzlich,CONCUSSION,PROBABLE,
12/14/14,QB,Eli Manning,BACK,PROBABLE,
12/07/14,DT,Cullen Jenkins,CALF,PROBABLE,
12/07/14,WR,Preston Parker,KNEE,PROBABLE,
12/07/14,T,Justin Pugh,QUADRICEPS,PROBABLE,
12/07/14,CB,Dominique Rodgers-Cromartie,"BACK, SHOULDER",PROBABLE,
12/03/14,G,Geoff Schwartz,ANKLE,&nbsp;,
12/02/14,G,Adam Snyder,KNEE,&nbsp;,
11/30/14,WR,Odell Beckham Jr.,BACK,PROBABLE,
11/30/14,S,Antrel Rolle,NOT INJURY RELATED,PROBABLE,
11/16/14,S,Nat Berhe,ANKLE,PROBABLE,Left Week 17 vs. Philadelphia
11/16/14,TE,Daniel Fells,NECK,PROBABLE,
11/16/14,DE,Damontre Moore,SHOULDER,PROBABLE,
11/09/14,CB,Zack Bowman,ABDOMEN,QUESTIONABLE,
11/09/14,G,Weston Richburg,ANKLE,PROBABLE,
11/09/14,P,Steve Weatherford,"LEFT ANKLE, BACK",PROBABLE,
11/03/14,DE,Jason Pierre-Paul,SHOULDER,PROBABLE,
10/19/14,LB,Spencer Paysinger,HAMSTRING,QUESTIONABLE,
09/25/14,T,Charles Brown,SHOULDER,QUESTIONABLE,
09/21/14,DT,Markus Kuhn,ANKLE,PROBABLE,
09/08/14,G,Brandon Mosley,BACK,PROBABLE,
Date,Pos,Player,Injury,NFL Status,Fantasy News
12/28/14,S,Antonio Allen,HAND,PROBABLE,
12/28/14,G,Willie Colon,KNEE,PROBABLE,
12/28/14,K,Nick Folk,RIGHT HIP,PROBABLE,
12/28/14,NT,Damon Harrison,ILLNESS,QUESTIONABLE,
12/28/14,RB,Chris Ivory,HAMSTRING,PROBABLE,
12/28/14,S,Jaiquawn Jarrett,SHOULDER,QUESTIONABLE,Missed Week 17 at Miami
12/28/14,RB,Chris Johnson,KNEE,PROBABLE,
12/28/14,S,Dawan Landry,ILLNESS,QUESTIONABLE,
12/28/14,C,Nick Mangold,"FINGER, ANKLE",QUESTIONABLE,
12/28/14,CB,Darrin Walls,SHOULDER,QUESTIONABLE,
12/28/14,DE,Muhammad Wilkerson,"TOE, ILLNESS",QUESTIONABLE,
12/21/14,WR,Saalim Hakim,QUADRICEPS,QUESTIONABLE,
12/21/14,S,Calvin Pryor,SHOULDER,PROBABLE,
12/14/14,TE,Jace Amaro,CONCUSSION,PROBABLE,
12/14/14,LB,Trevor Reilly,CONCUSSION,PROBABLE,
12/07/14,TE,Jeff Cumberland,ILLNESS,PROBABLE,
12/07/14,WR,Jeremy Kerley,ILLNESS,PROBABLE,
12/07/14,CB,Josh Thomas,ILLNESS,PROBABLE,
12/01/14,G,Oday Aboushi,SHOULDER,PROBABLE,
12/01/14,LB,Antwan Barnes,KNEE,PROBABLE,
12/01/14,RB,John Conner,GROIN,PROBABLE,
12/01/14,WR,Eric Decker,TOE,PROBABLE,
12/01/14,DE,Leger Douzable,ANKLE,PROBABLE,
12/01/14,LB,David Harris,SHOULDER,PROBABLE,
12/01/14,RB,Bilal Powell,ILLNESS,PROBABLE,
12/01/14,DT,Sheldon Richardson,LOW BACK,PROBABLE,Left Week 17 at Miami
12/01/14,QB,Michael Vick,"RIGHT WRIST,ILLNESS",PROBABLE,
11/24/14,WR,T.J. Graham,NECK,PROBABLE,
11/24/14,QB,Geno Smith,RIGHT SHOULDER,PROBABLE,
11/09/14,T,Breno Giacomini,ILLNESS,PROBABLE,
11/02/14,CB,Phillip Adams,GROIN,PROBABLE,
11/02/14,LB,Demario Davis,FINGER,PROBABLE,
10/16/14,S,Josh Bush,QUADRICEPS,DOUBTFUL,
10/16/14,WR,David Nelson,ANKLE,PROBABLE,
09/28/14,C,Dalton Freeman,KNEE,PROBABLE,
09/22/14,LB,Nick Bellore,HIP,PROBABLE,
09/22/14,LB,Quinton Coples,ELBOW,PROBABLE,
09/22/14,LB,A.J. Edds,HAMSTRING,PROBABLE,
09/14/14,DE,Ikemefuna Enemkpali,FOOT,PROBABLE,
Date,Pos,Player,Injury,NFL Status,Fantasy News
12/28/14,WR,Vincent Brown,GROIN,OUT,Missed Week 17 at Denver
12/28/14,CB,TJ Carrie,ANKLE,QUESTIONABLE,Missed Week 17 at Denver
12/28/14,CB,Chimdi Chekwa,HAMSTRING,OUT,Missed Week 17 at Denver
12/28/14,S,Ras-I Dowling,HAMSTRING,PROBABLE,
12/28/14,LB,Khalil Mack,HAMSTRING,QUESTIONABLE,
12/28/14,WR,Denarius Moore,"KNEE, ANKLE",OUT,Missed Week 17 at Denver
12/28/14,T,Menelik Watson,"FOOT, ANKLE",QUESTIONABLE,
12/21/14,QB,Derek Carr,RIGHT THUMB,PROBABLE,
12/21/14,CB,DJ Hayden,BACK,QUESTIONABLE,
12/21/14,DT,C.J. Wilson,KNEE,QUESTIONABLE,
12/14/14,WR,Andre Holmes,SHOULDER,PROBABLE,
12/14/14,DT,Pat Sims,SHOULDER,QUESTIONABLE,
12/14/14,CB,Neiko Thorpe,HAND,PROBABLE,
12/07/14,RB,Latavius Murray,CONCUSSION,PROBABLE,
11/30/14,G,Gabe Jackson,KNEE,QUESTIONABLE,
11/20/14,LB,Miles Burris,HIP,PROBABLE,
11/16/14,T,Khalif Barnes,QUADRICEPS,PROBABLE,
11/16/14,RB,Jamize Olawale,"SHOULDER, HAMSTRING",PROBABLE,
11/16/14,DE,Justin Tuck,NECK,QUESTIONABLE,
11/09/14,CB,Keith McGill,GROIN,PROBABLE,
11/09/14,WR,Kenbrell Thompkins,NOT INJURY RELATED,PROBABLE,
11/02/14,RB,Marcel Reece,QUADRICEPS,PROBABLE,
10/26/14,G,Austin Howard,NECK,PROBABLE,
10/19/14,DE,Benson Mayowa,KNEE,PROBABLE,
10/07/14,LB,Kaluka Maiava,HAMSTRING,&nbsp;,
09/28/14,RB,Maurice Jones-Drew,HAND,PROBABLE,
09/28/14,T,Matt McCants,KNEE,PROBABLE,
09/21/14,DT,Antonio Smith,BACK,QUESTIONABLE,
09/07/14,K,Sebastian Janikowski,RIGHT QUADRICEPS,PROBABLE,
Date,Pos,Player,Injury,NFL Status,Fantasy News
12/28/14,DT,Beau Allen,SHOULDER,PROBABLE,
12/28/14,DE,Brandon Bair,KNEE,PROBABLE,
12/28/14,TE,Trey Burton,BACK,PROBABLE,
12/28/14,LB,Trent Cole,HAND,PROBABLE,
12/28/14,CB,Bradley Fletcher,HIP,QUESTIONABLE,Missed Week 17 at N.Y. Giants
12/28/14,QB,Nick Foles,COLLARBONE,OUT,Missed Week 17 at N.Y. Giants
12/28/14,LB,Mychal Kendricks,ANKLE,PROBABLE,
12/28/14,S,Chris Maragos,HAMSTRING,PROBABLE,
12/28/14,WR,Jordan Matthews,KNEE,PROBABLE,
12/28/14,RB,LeSean McCoy,Knee,LEFT,Left Week 17 at N.Y. Giants
12/20/14,LB,Emmanuel Acho,GROIN,PROBABLE,
12/20/14,TE,Brent Celek,NECK,PROBABLE,
12/20/14,DT,Bennie Logan,PECTORAL,PROBABLE,
12/20/14,K,Cody Parkey,RIGHT GROIN,PROBABLE,
12/20/14,RB,Chris Polk,ANKLE,PROBABLE,
12/14/14,WR,Josh Huff,HIP,PROBABLE,
12/14/14,DE,Cedric Thornton,GROIN,PROBABLE,
11/27/14,S,Nate Allen,ANKLE,PROBABLE,
11/27/14,TE,Zach Ertz,OBLIQUE,PROBABLE,
11/27/14,T,Jason Peters,QUADRICEPS,PROBABLE,
11/23/14,CB,Brandon Boykin,HAMSTRING,PROBABLE,
11/23/14,C,Jason Kelce,THUMB,PROBABLE,
11/23/14,WR,Jeff Maehl,FOOT,PROBABLE,
11/23/14,G,Matt Tobin,CONCUSSION,PROBABLE,
11/10/14,CB,Nolan Carroll II,GROIN,PROBABLE,
11/10/14,G,Evan Mathis,KNEE,PROBABLE,
11/10/14,WR,Brad Smith,GROIN,PROBABLE,
11/05/14,G,Todd Herremans,BICEPS,&nbsp;,
11/02/14,RB,Darren Sproles,KNEE,PROBABLE,
11/02/14,CB,Jaylen Watkins,WRIST,PROBABLE,
10/12/14,LB,Connor Barwin,KNEE,PROBABLE,
10/05/14,TE,James Casey,KNEE,PROBABLE,
10/05/14,WR,Jeremy Maclin,HAMSTRING,PROBABLE,
09/28/14,DE,Fletcher Cox,BACK,PROBABLE,
09/21/14,S,Malcolm Jenkins,SHOULDER,PROBABLE,
09/21/14,CB,Cary Williams,HAMSTRING,PROBABLE,
09/07/14,WR,Riley Cooper,ANKLE,PROBABLE,
Date,Pos,Player,Injury,NFL Status,Fantasy News
01/03/15,T,Mike Adams,ILLNESS,PROBABLE,
01/03/15,RB,Le'Veon Bell,KNEE,OUT,Missed Wild Card game vs. Baltimore
01/03/15,LB,James Harrison,ILLNESS,PROBABLE,
01/03/15,QB,Landry Jones,ILLNESS,PROBABLE,
01/03/15,NT,Steve McLendon,SHOULDER,PROBABLE,
01/03/15,TE,Heath Miller,NOT INJURY RELATED,PROBABLE,
01/03/15,TE,Michael Palmer,GROIN,PROBABLE,Missed Wild Card game vs. Baltimore
01/03/15,S,Troy Polamalu,KNEE,PROBABLE,
01/03/15,QB,Ben Roethlisberger,NOT INJURY RELATED,PROBABLE,
01/03/15,CB,Ike Taylor,"SHOULDER, FOREARM",PROBABLE,Missed Wild Card game vs. Baltimore
12/28/14,T,Kelvin Beachum,BACK,PROBABLE,
12/28/14,TE,Matt Spaeth,ELBOW,PROBABLE,
12/28/14,LB,Vince Williams,ANKLE,PROBABLE,
12/21/14,CB,William Gay,NOT INJURY RELATED,PROBABLE,
12/21/14,T,Marcus Gilbert,ANKLE,PROBABLE,
12/21/14,S,Mike Mitchell,GROIN,PROBABLE,
12/21/14,C,Maurkice Pouncey,ANKLE,PROBABLE,
12/21/14,WR,Markus Wheaton,ILLNESS,PROBABLE,
12/14/14,DE,Cameron Heyward,NOT INJURY RELATED,PROBABLE,
12/07/14,CB,Brice McCain,HAMSTRING,PROBABLE,
12/07/14,LB,Ryan Shazier,ANKLE,PROBABLE,
11/30/14,WR,Martavis Bryant,ILLNESS,PROBABLE,
11/30/14,S,Shamarko Thomas,HAMSTRING,PROBABLE,
11/17/14,LB,Arthur Moats,NOT INJURY RELATED,PROBABLE,
11/17/14,S,Ross Ventrone,HAMSTRING,PROBABLE,
11/09/14,WR,Darrius Heyward-Bey,HAMSTRING,PROBABLE,
11/09/14,LB,Jason Worilds,ABDOMEN,PROBABLE,
10/20/14,RB,Will Johnson,ILLNESS,PROBABLE,
10/05/14,G,Ramon Foster,ANKLE,PROBABLE,
09/28/14,WR,Dri Archer,ANKLE,PROBABLE,
09/21/14,WR,Lance Moore,GROIN,PROBABLE,
09/11/14,WR,Antonio Brown,NOT INJURY RELATED,PROBABLE,
09/11/14,C,Cody Wallace,FINGER,PROBABLE,
09/07/14,LB,Sean Spence,KNEE,PROBABLE,
09/07/14,C,Greg Warren,KNEE,PROBABLE,
Date,Pos,Player,Injury,NFL Status,Fantasy News
12/28/14,WR,Keenan Allen,"ANKLE, SHOULDER",DOUBTFUL,Missed Week 17 at Kansas City
12/28/14,DT,Corey Liuget,ANKLE,PROBABLE,
12/28/14,RB,Ryan Mathews,ANKLE,OUT,Missed Week 17 at Kansas City
12/28/14,QB,Philip Rivers,"CHEST, BACK",PROBABLE,
12/28/14,G,Chris Watt,ANKLE,QUESTIONABLE,
12/28/14,CB,Shareece Wright,CONCUSSION,PROBABLE,Left Week 17 at Kansas City
12/22/14,G,Johnnie Troutman,KNEE,&nbsp;,
12/20/14,NT,Ryan Carrethers,ELBOW,PROBABLE,
12/20/14,TE,Ladarius Green,"ANKLE, CONCUSSION",QUESTIONABLE,
12/07/14,T,D.J. Fluker,CONCUSSION,QUESTIONABLE,
12/07/14,LB,Andrew Gachkar,KNEE,PROBABLE,
12/04/14,T,Ryan Miller,CONCUSSION,&nbsp;,
11/30/14,S,Jahleel Addae,CONCUSSION,PROBABLE,
11/30/14,DT,Tenny Palepoi,NOT INJURY RELATED,QUESTIONABLE,
11/30/14,WR,Eddie Royal,TOE,PROBABLE,Left Week 17 vs. San Diego
11/25/14,C,Rich Ohrnberger,BACK,&nbsp;,
11/23/14,NT,Sean Lissemore,QUADRICEPS,PROBABLE,
11/23/14,CB,Steve Williams,HAMSTRING,PROBABLE,
11/16/14,WR,Seyi Ajirotutu,NOT INJURY RELATED,PROBABLE,
11/16/14,LB,Jerry Attaochu,HAMSTRING,PROBABLE,
11/16/14,LB,Dwight Freeney,NOT INJURY RELATED,PROBABLE,
11/16/14,LB,Manti Te'o,FOOT,PROBABLE,
11/02/14,RB,Donald Brown,CONCUSSION,PROBABLE,
11/02/14,CB,Brandon Flowers,CONCUSSION,PROBABLE,
11/02/14,LB,Reggie Walker,ANKLE,PROBABLE,
10/23/14,LB,Kavell Conner,ANKLE,PROBABLE,
10/19/14,LB,Cordarro Law,ANKLE,QUESTIONABLE,
10/12/14,WR,Malcom Floyd,CALF,QUESTIONABLE,
10/12/14,TE,David Johnson,"KNEE, SHOULDER",PROBABLE,
10/12/14,LB,Jarret Johnson,"BACK, ANKLE",QUESTIONABLE,
10/12/14,S,Darrell Stuckey,QUADRICEPS,QUESTIONABLE,
09/28/14,TE,Antonio Gates,HAMSTRING,PROBABLE,
09/28/14,S,Marcus Gilchrist,SHOULDER,PROBABLE,Left Week 17 at Kansas City
09/21/14,CB,Chris Davis,ANKLE,PROBABLE,
09/08/14,DE,Lawrence Guy,SHOULDER,QUESTIONABLE,
Date,Pos,Player,Injury,NFL Status,Fantasy News
02/01/15,DE,Michael Bennett,NOT INJURY RELATED,PROBABLE(SB BYE),
02/01/15,T,Justin Britt,KNEE,PROBABLE(SB BYE),
02/01/15,C,Clint Gresham,NECK,PROBABLE(SB BYE),
02/01/15,RB,Marshawn Lynch,NOT INJURY RELATED,PROBABLE(SB BYE),Full practice. Probable for the Super Bowl vs. New England
02/01/15,CB,Richard Sherman,ELBOW,PROBABLE(SB BYE),Full practice. Probable for the Super Bowl vs. New England
02/01/15,G,J.R. Sweezy,ANKLE,PROBABLE(SB BYE),
02/01/15,S,Earl Thomas,SHOULDER,QUESTIONABLE(SB BYE),Full practice. Probable for the Super Bowl vs. New England
01/18/15,S,Jeron Johnson,ELBOW,QUESTIONABLE,
01/18/15,DT,Tony McDaniel,SHOULDER,PROBABLE,
01/18/15,TE,Tony Moeaki,CALF,PROBABLE,
01/18/15,CB,Tharold Simon,ILLNESS,PROBABLE,
01/18/15,C,Max Unger,ANKLE,PROBABLE,
01/12/15,WR,Paul Richardson,TORN ACL,&nbsp;,
01/10/15,DE,Demarcus Dobbs,ANKLE,PROBABLE,
01/10/15,TE,Cooper Helfet,RIBS,PROBABLE,
01/10/15,WR,Jermaine Kearse,HAMSTRING,PROBABLE,
01/10/15,CB,Byron Maxwell,ILLNESS,PROBABLE,
12/28/14,WR,Chris Matthews,HAMSTRING,QUESTIONABLE,
12/28/14,T,Russell Okung,CHEST,PROBABLE,
12/14/14,CB,Jeremy Lane,GLUTE,PROBABLE,
11/27/14,CB,Marcus Burley,HAMSTRING,PROBABLE,
11/27/14,G,James Carpenter,ANKLE,PROBABLE,
11/23/14,LB,Brock Coyle,GLUTE,PROBABLE,
11/23/14,LB,Bobby Wagner,TOE,PROBABLE,
11/16/14,S,Kam Chancellor,GROIN,PROBABLE,
11/16/14,LB,Malcolm Smith,GROIN,PROBABLE,
11/16/14,TE,Luke Willson,ANKLE,QUESTIONABLE,
11/12/14,TE,Zach Miller,ANKLE,&nbsp;,
11/09/14,WR,Doug Baldwin,GROIN,PROBABLE,
11/09/14,G,Stephen Schilling,KNEE,DOUBTFUL,
11/09/14,DE,O'Brien Schofield,HEAD,PROBABLE,
11/04/14,DB,Eric Pinkins,Foot,NFI,NFI. Out for season
11/02/14,WR,Bryan Walters,CONCUSSION,PROBABLE,
10/26/14,RB,Robert Turbin,SHOULDER,PROBABLE,
10/26/14,DT,Kevin Williams,NOT INJURY RELATED,PROBABLE,
10/19/14,T,Alvin Bailey,OBLIQUE,PROBABLE,
10/12/14,WR,Percy Harvin,THIGH,PROBABLE,Missed Week 17 at Miami
10/06/14,LB,Bruce Irvin,OBLIQUE,PROBABLE,
10/06/14,CB,Deshawn Shead,KNEE,PROBABLE,
09/21/14,RB,Christine Michael,HAMSTRING,PROBABLE,
09/21/14,LB,Mike Morgan,HIP,PROBABLE,
09/04/14,WR,Kevin Norwood,HAMSTRING,PROBABLE,
Date,Pos,Player,Injury,NFL Status,Fantasy News
12/28/14,CB,Tramaine Brock,HAMSTRING,QUESTIONABLE,Missed Week 17 vs. Arizona
12/28/14,LB,Ahmad Brooks,THUMB,QUESTIONABLE,Missed Week 17 vs. Arizona
12/28/14,CB,Perrish Cox,SHOULDER,QUESTIONABLE,Missed Week 17 vs. Arizona
12/28/14,WR,Michael Crabtree,KNEE,PROBABLE,
12/28/14,CB,Chris Culliver,KNEE,PROBABLE,
12/28/14,WR,Bruce Ellington,HAMSTRING,QUESTIONABLE,
12/28/14,RB,Carlos Hyde,ANKLE,OUT,Missed Week 17 vs. Arizona
12/28/14,WR,Stevie Johnson,KNEE,OUT,Missed Week 17 vs. Arizona
12/28/14,WR,Brandon Lloyd,GROIN,PROBABLE,
12/28/14,C,Marcus Martin,ILLNESS,PROBABLE,
12/28/14,S,Eric Reid,CONCUSSION,OUT,Missed Week 17 vs. Arizona
12/28/14,DT,Justin Smith,BACK,PROBABLE,
12/26/14,S,Bubba Ventrone,GROIN,&nbsp;,
12/20/14,T,Anthony Davis,CONCUSSION,QUESTIONABLE,
12/20/14,DT,Quinton Dial,KNEE,PROBABLE,
12/20/14,RB,Frank Gore,CONCUSSION,QUESTIONABLE,
12/20/14,DT,Tony Jerod-Eddie,FOOT,PROBABLE,
12/20/14,T,Jonathan Martin,ILLNESS,PROBABLE,
12/20/14,TE,Kyle Nelson,BACK,PROBABLE,
12/20/14,LB,Michael Wilhoite,HIP,QUESTIONABLE,
12/14/14,G,Mike Iupati,ELBOW,PROBABLE,
12/14/14,DT,Ray McDonald,FINGER,PROBABLE,
12/07/14,T,Joe Staley,ILLNESS,PROBABLE,
11/27/14,RB,Bruce Miller,SHOULDER,PROBABLE,
11/23/14,LB,Dan Skuta,ANKLE,QUESTIONABLE,
10/19/14,TE,Vernon Davis,BACK,PROBABLE,
10/13/14,P,Andy Lee,RIGHT ANKLE,PROBABLE,
10/13/14,LB,Nick Moody,HAMSTRING,QUESTIONABLE,
10/05/14,S,Antoine Bethea,ANKLE,PROBABLE,
09/21/14,QB,Colin Kaepernick,BACK,PROBABLE,
07/18/14,RB,Trey Millard,Knee,NFI,NFI. Expected to be out for season
07/18/14,DB,Keith Reaser,Knee,NFI,NFI. Expected to be out for season
Date,Pos,Player,Injury,NFL Status,Fantasy News
12/28/14,CB,E.J. Gaines,CONCUSSION,DOUBTFUL,Missed Week 17 at Seattle
12/28/14,CB,Janoris Jenkins,BACK,PROBABLE,
12/28/14,DE,Chris Long,NOT INJURY RELATED,PROBABLE,
12/28/14,C,Scott Wells,BACK,PROBABLE,
12/21/14,G,Davin Joseph,NOT INJURY RELATED,PROBABLE,
12/11/14,WR,Kenny Britt,NOT INJURY RELATED,PROBABLE,
12/11/14,DT,Alex Carrington,THIGH,PROBABLE,
12/11/14,TE,Cory Harkey,KNEE,PROBABLE,
12/11/14,LB,Will Herring,FOOT,PROBABLE,
12/11/14,LB,James Laurinaitis,ANKLE,PROBABLE,
12/11/14,G,Rodger Saffold,SHOULDER,PROBABLE,
12/07/14,WR,Tavon Austin,BACK,PROBABLE,
12/07/14,DE,William Hayes,NOT INJURY RELATED,PROBABLE,
12/07/14,CB,Marcus Roberson,ANKLE,PROBABLE,
11/30/14,TE,Jared Cook,BACK,PROBABLE,
11/30/14,S,Lamarcus Joyner,GROIN,QUESTIONABLE,
11/30/14,LB,Alec Ogletree,ILLNESS,PROBABLE,
11/30/14,DE,Robert Quinn,NOT INJURY RELATED,PROBABLE,
11/30/14,DE,Eugene Sims,NOT INJURY RELATED,PROBABLE,
11/23/14,LB,Daren Bates,GROIN,PROBABLE,
11/23/14,LB,Jake McQuaide,BACK,QUESTIONABLE,
11/09/14,S,Cody Davis,CONCUSSION,QUESTIONABLE,
11/09/14,LB,Jo-Lonn Dunbar,TOE,PROBABLE,
11/09/14,S,Rodney McLeod,KNEE,PROBABLE,
11/02/14,C,Tim Barnes,SHOULDER,PROBABLE,
11/02/14,DT,Aaron Donald,SHOULDER,QUESTIONABLE,
11/02/14,CB,Trumaine Johnson,KNEE,PROBABLE,
10/28/14,T,Jake Long,TORN RIGHT ACL,&nbsp;,
10/26/14,RB,Benny Cunningham,KNEE,PROBABLE,
10/26/14,S,T.J. McDonald,CONCUSSION,PROBABLE,
10/26/14,DE,Ethan Westbrooks,HAND,PROBABLE,
10/26/14,K,Greg Zuerlein,ILLNESS,PROBABLE,
10/19/14,C,Barrett Jones,BACK,PROBABLE,
10/19/14,WR,Austin Pettis,ANKLE,PROBABLE,
10/19/14,RB,Chase Reynolds,THIGH,PROBABLE,
10/19/14,RB,Zac Stacy,ANKLE,PROBABLE,
10/05/14,QB,Shaun Hill,THIGH,PROBABLE,
09/07/14,S,Maurice Alexander,NOT INJURY RELATED,PROBABLE,
Date,Pos,Player,Injury,NFL Status,Fantasy News
12/28/14,LB,Mason Foster,ACHILLES,DOUBTFUL,Missed Week 17 vs. New Orleans
12/28/14,CB,Isaiah Frey,ANKLE,QUESTIONABLE,Missed Week 17 vs. New Orleans
12/28/14,S,Dashon Goldson,SHOULDER,QUESTIONABLE,
12/28/14,WR,Robert Herron,HIP,QUESTIONABLE,Missed Week 17 vs. New Orleans
12/28/14,WR,Solomon Patton,FOOT,QUESTIONABLE,Missed Week 17 vs. New Orleans
12/28/14,RB,Bobby Rainey,WRIST,QUESTIONABLE,
12/21/14,DT,Clinton McDonald,HAMSTRING,QUESTIONABLE,
12/21/14,T,Kevin Pamphile,"ANKLE, KNEE",QUESTIONABLE,
12/14/14,T,Anthony Collins,ELBOW,PROBABLE,
12/14/14,LB,Lavonte David,CONCUSSION,PROBABLE,
12/14/14,TE,Brandon Myers,CALF,PROBABLE,
12/07/14,CB,Crezdon Butler,NOT INJURY RELATED,PROBABLE,
12/07/14,C,Evan Dietrich-Smith,ILLNESS,PROBABLE,
12/07/14,TE,Luke Stocker,CONCUSSION,PROBABLE,
11/30/14,DE,Da'Quan Bowers,KNEE,PROBABLE,
11/30/14,RB,Charles Sims,ANKLE,PROBABLE,
11/23/14,RB,Doug Martin,ANKLE,QUESTIONABLE,
11/23/14,CB,Alterraun Verner,HAMSTRING,QUESTIONABLE,
11/16/14,T,Demar Dotson,NECK,PROBABLE,
11/16/14,DE,Michael Johnson,HAND,QUESTIONABLE,
11/16/14,QB,Josh McCown,BACK,PROBABLE,
11/11/14,G,Kadeem Edwards,FOOT,&nbsp;,
11/09/14,WR,Vincent Jackson,KNEE,QUESTIONABLE,Left Week 17 vs. New Orleans
11/09/14,DT,Akeem Spence,HAMSTRING,QUESTIONABLE,
10/26/14,CB,Johnthan Banks,NECK,PROBABLE,
10/26/14,LB,Jonathan Casillas,HAMSTRING,QUESTIONABLE,
10/26/14,S,Keith Tandy,HAMSTRING,QUESTIONABLE,
10/12/14,DE,Larry English,HAMSTRING,QUESTIONABLE,
10/12/14,WR,Mike Evans,GROIN,QUESTIONABLE,
10/05/14,S,Mark Barron,ABDOMEN,QUESTIONABLE,
09/28/14,DE,William Gholston,SHOULDER,PROBABLE,
09/18/14,G,Logan Mankins,KNEE,PROBABLE,
09/18/14,S,Bradley McDougald,KNEE,PROBABLE,
09/16/14,CB,Rashaan Melvin,ANKLE,&nbsp;,
09/07/14,RB,Mike James,SHOULDER,PROBABLE,
Date,Pos,Player,Injury,NFL Status,Fantasy News
12/28/14,LB,Zaviar Gooden,HAMSTRING,PROBABLE,
12/28/14,NT,Sammie Hill,FOOT,QUESTIONABLE,Left Week 17 vs. Indianapolis
12/28/14,T,Terren Jones,CONCUSSION,QUESTIONABLE,
12/28/14,T,Taylor Lewan,ANKLE,QUESTIONABLE,
12/28/14,QB,Zach Mettenberger,RIGHT SHOULDER,QUESTIONABLE,Missed Week 17 vs. Indianapolis
12/28/14,T,Byron Stingily,ANKLE,QUESTIONABLE,
12/28/14,LB,Kamerion Wimbley,HAMSTRING,QUESTIONABLE,
12/18/14,S,Daimion Stafford,CONCUSSION,PROBABLE,
12/18/14,TE,Delanie Walker,KNEE,QUESTIONABLE,
12/18/14,WR,Kendall Wright,HAND,QUESTIONABLE,
12/14/14,S,Michael Griffin,BACK,QUESTIONABLE,
12/13/14,T,Michael Oher,TOE,&nbsp;,
12/07/14,CB,Marqueston Huff,HAMSTRING,PROBABLE,
12/07/14,G,Chance Warmack,ANKLE,PROBABLE,
11/30/14,RB,Leon Washington,HAMSTRING,QUESTIONABLE,
11/23/14,LB,Derrick Morgan,KNEE,QUESTIONABLE,
11/09/14,CB,Coty Sensabaugh,KNEE,PROBABLE,
11/09/14,WR,Nate Washington,SHOULDER,QUESTIONABLE,
10/26/14,RB,Shonn Greene,HAMSTRING,PROBABLE,
10/26/14,LB,Quentin Groves,ANKLE,QUESTIONABLE,
10/26/14,DE,Ropati Pitoitua,HAND,PROBABLE,
10/19/14,S,George Wilson,CALF,PROBABLE,
10/05/14,DT,Jurrell Casey,FOOT,PROBABLE,
09/28/14,LB,James Anderson,THIGH,PROBABLE,
09/21/14,CB,Jason McCourty,GROIN,QUESTIONABLE,
09/21/14,QB,Charlie Whitehurst,RIGHT FINGER,PROBABLE,
09/21/14,LB,Wesley Woodyard,ANKLE,PROBABLE,
09/14/14,RB,Jackie Battle,NECK,PROBABLE,
09/14/14,DT,Mike Martin,HAMSTRING,QUESTIONABLE,
Date,Pos,Player,Injury,NFL Status,Fantasy News
12/28/14,NT,Chris Baker,"TOE, ELBOW",QUESTIONABLE,
12/28/14,DE,Stephen Bowen,"ANKLE, ILLNESS",QUESTIONABLE,
12/28/14,CB,Bashaud Breeland,THIGH,PROBABLE,
12/28/14,NT,Barry Cofield Jr.,SHOULDER,PROBABLE,
12/28/14,T,Tom Compton,KNEE,PROBABLE,
12/28/14,LB,Will Compton,SHOULDER,PROBABLE,
12/28/14,QB,Robert Griffin III,RIGHT SHOULDER,PROBABLE,
12/28/14,LB,Jackson Jeffcoat,CALF,PROBABLE,
12/28/14,G,Kory Lichtensteiger,STINGER,PROBABLE,
12/28/14,LB,Gabe Miller,ANKLE,QUESTIONABLE,
12/28/14,LB,Keenan Robinson,KNEE,QUESTIONABLE,
12/28/14,T,Trent Williams,SHOULDER,QUESTIONABLE,
12/28/14,RB,Darrel Young,ANKLE,PROBABLE,
12/20/14,RB,Roy Helu Jr.,TOE,PROBABLE,
12/20/14,TE,Jordan Reed,NOT INJURY RELATED,PROBABLE,
12/20/14,S,Trenton Robinson,ILLNESS,PROBABLE,
12/14/14,NT,Kedric Golston,"BACK, FOOT",QUESTIONABLE,
12/14/14,WR,DeSean Jackson,SHIN,QUESTIONABLE,
12/07/14,CB,E.J. Biggers,CONCUSSION,QUESTIONABLE,
12/07/14,S,Ryan Clark,STINGER,PROBABLE,
12/07/14,LB,Ryan Kerrigan,WRIST,PROBABLE,
12/07/14,T,Tyler Polumbus,NOT INJURY RELATED,PROBABLE,
12/07/14,RB,Silas Redd Jr.,RIB,PROBABLE,
11/23/14,G,Shawn Lauvao,CONCUSSION,QUESTIONABLE,
11/16/14,TE,Logan Paulsen,"FOOT, HAMSTRING",QUESTIONABLE,
11/02/14,LB,Perry Riley Jr.,KNEE,PROBABLE,
10/27/14,RB,Alfred Morris,ANKLE,PROBABLE,
10/19/14,CB,David Amerson,CONCUSSION,QUESTIONABLE,
10/18/14,LB,Akeem Jordan,KNEE,&nbsp;,
10/12/14,DT,Frank Kearse,THIGH,PROBABLE,
10/06/14,DE,Jarvis Jenkins,RIB,PROBABLE,
10/06/14,TE,Niles Paul,CONCUSSION,QUESTIONABLE,
09/25/14,K,Kai Forbath,RIGHT GROIN,PROBABLE,
07/09/14,DB,Tanard Jackson,Suspension,SUSPEND,Suspended indefinitely
